--
-- PostgreSQL database dump
--

-- Dumped from database version 17.4
-- Dumped by pg_dump version 17.4

SET statement_timeout = 0;
SET lock_timeout = 0;
SET idle_in_transaction_session_timeout = 0;
SET transaction_timeout = 0;
SET client_encoding = 'UTF8';
SET standard_conforming_strings = on;
SELECT pg_catalog.set_config('search_path', '', false);
SET check_function_bodies = false;
SET xmloption = content;
SET client_min_messages = warning;
SET row_security = off;

SET default_tablespace = '';

SET default_table_access_method = heap;

--
-- Name: appointments_appointment; Type: TABLE; Schema: public; Owner: jsswp2004
--

CREATE TABLE public.appointments_appointment (
    id bigint NOT NULL,
    title character varying(255) NOT NULL,
    description text NOT NULL,
    appointment_datetime timestamp with time zone NOT NULL,
    duration_minutes integer NOT NULL,
    created_at timestamp with time zone NOT NULL,
    updated_at timestamp with time zone NOT NULL,
    patient_id bigint NOT NULL,
    recurrence character varying(10) NOT NULL,
    provider_id bigint,
    organization_id bigint,
    status character varying(20) NOT NULL,
    recurrence_end_date date,
    arrived boolean NOT NULL,
    no_show boolean NOT NULL,
    CONSTRAINT appointments_appointment_duration_minutes_check CHECK ((duration_minutes >= 0))
);


ALTER TABLE public.appointments_appointment OWNER TO jsswp2004;

--
-- Name: appointments_appointment_id_seq; Type: SEQUENCE; Schema: public; Owner: jsswp2004
--

ALTER TABLE public.appointments_appointment ALTER COLUMN id ADD GENERATED BY DEFAULT AS IDENTITY (
    SEQUENCE NAME public.appointments_appointment_id_seq
    START WITH 1
    INCREMENT BY 1
    NO MINVALUE
    NO MAXVALUE
    CACHE 1
);


--
-- Name: appointments_autoemail; Type: TABLE; Schema: public; Owner: jsswp2004
--

CREATE TABLE public.appointments_autoemail (
    id bigint NOT NULL,
    auto_message_frequency character varying(20) NOT NULL,
    auto_message_day_of_week integer NOT NULL,
    auto_message_start_date date,
    is_active boolean NOT NULL,
    created_at timestamp with time zone NOT NULL,
    updated_at timestamp with time zone NOT NULL,
    organization_id bigint
);


ALTER TABLE public.appointments_autoemail OWNER TO jsswp2004;

--
-- Name: appointments_autoemail_id_seq; Type: SEQUENCE; Schema: public; Owner: jsswp2004
--

ALTER TABLE public.appointments_autoemail ALTER COLUMN id ADD GENERATED BY DEFAULT AS IDENTITY (
    SEQUENCE NAME public.appointments_autoemail_id_seq
    START WITH 1
    INCREMENT BY 1
    NO MINVALUE
    NO MAXVALUE
    CACHE 1
);


--
-- Name: appointments_availability; Type: TABLE; Schema: public; Owner: jsswp2004
--

CREATE TABLE public.appointments_availability (
    id bigint NOT NULL,
    start_time timestamp with time zone NOT NULL,
    end_time timestamp with time zone NOT NULL,
    is_blocked boolean NOT NULL,
    recurrence character varying(10) NOT NULL,
    created_at timestamp with time zone NOT NULL,
    doctor_id bigint NOT NULL,
    recurrence_end_date date,
    organization_id bigint,
    block_type character varying(32)
);


ALTER TABLE public.appointments_availability OWNER TO jsswp2004;

--
-- Name: appointments_availability_id_seq; Type: SEQUENCE; Schema: public; Owner: jsswp2004
--

ALTER TABLE public.appointments_availability ALTER COLUMN id ADD GENERATED BY DEFAULT AS IDENTITY (
    SEQUENCE NAME public.appointments_availability_id_seq
    START WITH 1
    INCREMENT BY 1
    NO MINVALUE
    NO MAXVALUE
    CACHE 1
);


--
-- Name: appointments_clinicevent; Type: TABLE; Schema: public; Owner: jsswp2004
--

CREATE TABLE public.appointments_clinicevent (
    id bigint NOT NULL,
    name character varying(255) NOT NULL,
    description text,
    is_active boolean NOT NULL
);


ALTER TABLE public.appointments_clinicevent OWNER TO jsswp2004;

--
-- Name: appointments_clinicevent_id_seq; Type: SEQUENCE; Schema: public; Owner: jsswp2004
--

ALTER TABLE public.appointments_clinicevent ALTER COLUMN id ADD GENERATED BY DEFAULT AS IDENTITY (
    SEQUENCE NAME public.appointments_clinicevent_id_seq
    START WITH 1
    INCREMENT BY 1
    NO MINVALUE
    NO MAXVALUE
    CACHE 1
);


--
-- Name: appointments_environmentsetting; Type: TABLE; Schema: public; Owner: jsswp2004
--

CREATE TABLE public.appointments_environmentsetting (
    id bigint NOT NULL,
    blocked_days integer[] NOT NULL,
    updated_at timestamp with time zone NOT NULL
);


ALTER TABLE public.appointments_environmentsetting OWNER TO jsswp2004;

--
-- Name: appointments_environmentsetting_id_seq; Type: SEQUENCE; Schema: public; Owner: jsswp2004
--

ALTER TABLE public.appointments_environmentsetting ALTER COLUMN id ADD GENERATED BY DEFAULT AS IDENTITY (
    SEQUENCE NAME public.appointments_environmentsetting_id_seq
    START WITH 1
    INCREMENT BY 1
    NO MINVALUE
    NO MAXVALUE
    CACHE 1
);


--
-- Name: appointments_holiday; Type: TABLE; Schema: public; Owner: jsswp2004
--

CREATE TABLE public.appointments_holiday (
    id bigint NOT NULL,
    name character varying(64) NOT NULL,
    date date NOT NULL,
    is_recognized boolean NOT NULL,
    suppressed boolean NOT NULL
);


ALTER TABLE public.appointments_holiday OWNER TO jsswp2004;

--
-- Name: appointments_holiday_id_seq; Type: SEQUENCE; Schema: public; Owner: jsswp2004
--

ALTER TABLE public.appointments_holiday ALTER COLUMN id ADD GENERATED BY DEFAULT AS IDENTITY (
    SEQUENCE NAME public.appointments_holiday_id_seq
    START WITH 1
    INCREMENT BY 1
    NO MINVALUE
    NO MAXVALUE
    CACHE 1
);


--
-- Name: auth_group; Type: TABLE; Schema: public; Owner: jsswp2004
--

CREATE TABLE public.auth_group (
    id integer NOT NULL,
    name character varying(150) NOT NULL
);


ALTER TABLE public.auth_group OWNER TO jsswp2004;

--
-- Name: auth_group_id_seq; Type: SEQUENCE; Schema: public; Owner: jsswp2004
--

ALTER TABLE public.auth_group ALTER COLUMN id ADD GENERATED BY DEFAULT AS IDENTITY (
    SEQUENCE NAME public.auth_group_id_seq
    START WITH 1
    INCREMENT BY 1
    NO MINVALUE
    NO MAXVALUE
    CACHE 1
);


--
-- Name: auth_group_permissions; Type: TABLE; Schema: public; Owner: jsswp2004
--

CREATE TABLE public.auth_group_permissions (
    id bigint NOT NULL,
    group_id integer NOT NULL,
    permission_id integer NOT NULL
);


ALTER TABLE public.auth_group_permissions OWNER TO jsswp2004;

--
-- Name: auth_group_permissions_id_seq; Type: SEQUENCE; Schema: public; Owner: jsswp2004
--

ALTER TABLE public.auth_group_permissions ALTER COLUMN id ADD GENERATED BY DEFAULT AS IDENTITY (
    SEQUENCE NAME public.auth_group_permissions_id_seq
    START WITH 1
    INCREMENT BY 1
    NO MINVALUE
    NO MAXVALUE
    CACHE 1
);


--
-- Name: auth_permission; Type: TABLE; Schema: public; Owner: jsswp2004
--

CREATE TABLE public.auth_permission (
    id integer NOT NULL,
    name character varying(255) NOT NULL,
    content_type_id integer NOT NULL,
    codename character varying(100) NOT NULL
);


ALTER TABLE public.auth_permission OWNER TO jsswp2004;

--
-- Name: auth_permission_id_seq; Type: SEQUENCE; Schema: public; Owner: jsswp2004
--

ALTER TABLE public.auth_permission ALTER COLUMN id ADD GENERATED BY DEFAULT AS IDENTITY (
    SEQUENCE NAME public.auth_permission_id_seq
    START WITH 1
    INCREMENT BY 1
    NO MINVALUE
    NO MAXVALUE
    CACHE 1
);


--
-- Name: communicator_contact; Type: TABLE; Schema: public; Owner: jsswp2004
--

CREATE TABLE public.communicator_contact (
    id bigint NOT NULL,
    name character varying(255) NOT NULL,
    phone character varying(20) NOT NULL,
    email character varying(254) NOT NULL,
    created_at timestamp with time zone NOT NULL,
    uploaded_by_id bigint NOT NULL
);


ALTER TABLE public.communicator_contact OWNER TO jsswp2004;

--
-- Name: communicator_contact_id_seq; Type: SEQUENCE; Schema: public; Owner: jsswp2004
--

ALTER TABLE public.communicator_contact ALTER COLUMN id ADD GENERATED BY DEFAULT AS IDENTITY (
    SEQUENCE NAME public.communicator_contact_id_seq
    START WITH 1
    INCREMENT BY 1
    NO MINVALUE
    NO MAXVALUE
    CACHE 1
);


--
-- Name: communicator_messagelog; Type: TABLE; Schema: public; Owner: jsswp2004
--

CREATE TABLE public.communicator_messagelog (
    id bigint NOT NULL,
    recipient character varying(255) NOT NULL,
    subject character varying(255) NOT NULL,
    body text NOT NULL,
    message_type character varying(10) NOT NULL,
    status character varying(20) NOT NULL,
    provider_id character varying(100) NOT NULL,
    created_at timestamp with time zone NOT NULL,
    user_id bigint
);


ALTER TABLE public.communicator_messagelog OWNER TO jsswp2004;

--
-- Name: communicator_messagelog_id_seq; Type: SEQUENCE; Schema: public; Owner: jsswp2004
--

ALTER TABLE public.communicator_messagelog ALTER COLUMN id ADD GENERATED BY DEFAULT AS IDENTITY (
    SEQUENCE NAME public.communicator_messagelog_id_seq
    START WITH 1
    INCREMENT BY 1
    NO MINVALUE
    NO MAXVALUE
    CACHE 1
);


--
-- Name: django_admin_log; Type: TABLE; Schema: public; Owner: jsswp2004
--

CREATE TABLE public.django_admin_log (
    id integer NOT NULL,
    action_time timestamp with time zone NOT NULL,
    object_id text,
    object_repr character varying(200) NOT NULL,
    action_flag smallint NOT NULL,
    change_message text NOT NULL,
    content_type_id integer,
    user_id bigint NOT NULL,
    CONSTRAINT django_admin_log_action_flag_check CHECK ((action_flag >= 0))
);


ALTER TABLE public.django_admin_log OWNER TO jsswp2004;

--
-- Name: django_admin_log_id_seq; Type: SEQUENCE; Schema: public; Owner: jsswp2004
--

ALTER TABLE public.django_admin_log ALTER COLUMN id ADD GENERATED BY DEFAULT AS IDENTITY (
    SEQUENCE NAME public.django_admin_log_id_seq
    START WITH 1
    INCREMENT BY 1
    NO MINVALUE
    NO MAXVALUE
    CACHE 1
);


--
-- Name: django_celery_beat_clockedschedule; Type: TABLE; Schema: public; Owner: jsswp2004
--

CREATE TABLE public.django_celery_beat_clockedschedule (
    id integer NOT NULL,
    clocked_time timestamp with time zone NOT NULL
);


ALTER TABLE public.django_celery_beat_clockedschedule OWNER TO jsswp2004;

--
-- Name: django_celery_beat_clockedschedule_id_seq; Type: SEQUENCE; Schema: public; Owner: jsswp2004
--

ALTER TABLE public.django_celery_beat_clockedschedule ALTER COLUMN id ADD GENERATED BY DEFAULT AS IDENTITY (
    SEQUENCE NAME public.django_celery_beat_clockedschedule_id_seq
    START WITH 1
    INCREMENT BY 1
    NO MINVALUE
    NO MAXVALUE
    CACHE 1
);


--
-- Name: django_celery_beat_crontabschedule; Type: TABLE; Schema: public; Owner: jsswp2004
--

CREATE TABLE public.django_celery_beat_crontabschedule (
    id integer NOT NULL,
    minute character varying(240) NOT NULL,
    hour character varying(96) NOT NULL,
    day_of_week character varying(64) NOT NULL,
    day_of_month character varying(124) NOT NULL,
    month_of_year character varying(64) NOT NULL,
    timezone character varying(63) NOT NULL
);


ALTER TABLE public.django_celery_beat_crontabschedule OWNER TO jsswp2004;

--
-- Name: django_celery_beat_crontabschedule_id_seq; Type: SEQUENCE; Schema: public; Owner: jsswp2004
--

ALTER TABLE public.django_celery_beat_crontabschedule ALTER COLUMN id ADD GENERATED BY DEFAULT AS IDENTITY (
    SEQUENCE NAME public.django_celery_beat_crontabschedule_id_seq
    START WITH 1
    INCREMENT BY 1
    NO MINVALUE
    NO MAXVALUE
    CACHE 1
);


--
-- Name: django_celery_beat_intervalschedule; Type: TABLE; Schema: public; Owner: jsswp2004
--

CREATE TABLE public.django_celery_beat_intervalschedule (
    id integer NOT NULL,
    every integer NOT NULL,
    period character varying(24) NOT NULL
);


ALTER TABLE public.django_celery_beat_intervalschedule OWNER TO jsswp2004;

--
-- Name: django_celery_beat_intervalschedule_id_seq; Type: SEQUENCE; Schema: public; Owner: jsswp2004
--

ALTER TABLE public.django_celery_beat_intervalschedule ALTER COLUMN id ADD GENERATED BY DEFAULT AS IDENTITY (
    SEQUENCE NAME public.django_celery_beat_intervalschedule_id_seq
    START WITH 1
    INCREMENT BY 1
    NO MINVALUE
    NO MAXVALUE
    CACHE 1
);


--
-- Name: django_celery_beat_periodictask; Type: TABLE; Schema: public; Owner: jsswp2004
--

CREATE TABLE public.django_celery_beat_periodictask (
    id integer NOT NULL,
    name character varying(200) NOT NULL,
    task character varying(200) NOT NULL,
    args text NOT NULL,
    kwargs text NOT NULL,
    queue character varying(200),
    exchange character varying(200),
    routing_key character varying(200),
    expires timestamp with time zone,
    enabled boolean NOT NULL,
    last_run_at timestamp with time zone,
    total_run_count integer NOT NULL,
    date_changed timestamp with time zone NOT NULL,
    description text NOT NULL,
    crontab_id integer,
    interval_id integer,
    solar_id integer,
    one_off boolean NOT NULL,
    start_time timestamp with time zone,
    priority integer,
    headers text NOT NULL,
    clocked_id integer,
    expire_seconds integer,
    CONSTRAINT django_celery_beat_periodictask_expire_seconds_check CHECK ((expire_seconds >= 0)),
    CONSTRAINT django_celery_beat_periodictask_priority_check CHECK ((priority >= 0)),
    CONSTRAINT django_celery_beat_periodictask_total_run_count_check CHECK ((total_run_count >= 0))
);


ALTER TABLE public.django_celery_beat_periodictask OWNER TO jsswp2004;

--
-- Name: django_celery_beat_periodictask_id_seq; Type: SEQUENCE; Schema: public; Owner: jsswp2004
--

ALTER TABLE public.django_celery_beat_periodictask ALTER COLUMN id ADD GENERATED BY DEFAULT AS IDENTITY (
    SEQUENCE NAME public.django_celery_beat_periodictask_id_seq
    START WITH 1
    INCREMENT BY 1
    NO MINVALUE
    NO MAXVALUE
    CACHE 1
);


--
-- Name: django_celery_beat_periodictasks; Type: TABLE; Schema: public; Owner: jsswp2004
--

CREATE TABLE public.django_celery_beat_periodictasks (
    ident smallint NOT NULL,
    last_update timestamp with time zone NOT NULL
);


ALTER TABLE public.django_celery_beat_periodictasks OWNER TO jsswp2004;

--
-- Name: django_celery_beat_solarschedule; Type: TABLE; Schema: public; Owner: jsswp2004
--

CREATE TABLE public.django_celery_beat_solarschedule (
    id integer NOT NULL,
    event character varying(24) NOT NULL,
    latitude numeric(9,6) NOT NULL,
    longitude numeric(9,6) NOT NULL
);


ALTER TABLE public.django_celery_beat_solarschedule OWNER TO jsswp2004;

--
-- Name: django_celery_beat_solarschedule_id_seq; Type: SEQUENCE; Schema: public; Owner: jsswp2004
--

ALTER TABLE public.django_celery_beat_solarschedule ALTER COLUMN id ADD GENERATED BY DEFAULT AS IDENTITY (
    SEQUENCE NAME public.django_celery_beat_solarschedule_id_seq
    START WITH 1
    INCREMENT BY 1
    NO MINVALUE
    NO MAXVALUE
    CACHE 1
);


--
-- Name: django_content_type; Type: TABLE; Schema: public; Owner: jsswp2004
--

CREATE TABLE public.django_content_type (
    id integer NOT NULL,
    app_label character varying(100) NOT NULL,
    model character varying(100) NOT NULL
);


ALTER TABLE public.django_content_type OWNER TO jsswp2004;

--
-- Name: django_content_type_id_seq; Type: SEQUENCE; Schema: public; Owner: jsswp2004
--

ALTER TABLE public.django_content_type ALTER COLUMN id ADD GENERATED BY DEFAULT AS IDENTITY (
    SEQUENCE NAME public.django_content_type_id_seq
    START WITH 1
    INCREMENT BY 1
    NO MINVALUE
    NO MAXVALUE
    CACHE 1
);


--
-- Name: django_cron_cronjoblock; Type: TABLE; Schema: public; Owner: jsswp2004
--

CREATE TABLE public.django_cron_cronjoblock (
    id bigint NOT NULL,
    job_name character varying(200) NOT NULL,
    locked boolean NOT NULL
);


ALTER TABLE public.django_cron_cronjoblock OWNER TO jsswp2004;

--
-- Name: django_cron_cronjoblock_id_seq; Type: SEQUENCE; Schema: public; Owner: jsswp2004
--

ALTER TABLE public.django_cron_cronjoblock ALTER COLUMN id ADD GENERATED BY DEFAULT AS IDENTITY (
    SEQUENCE NAME public.django_cron_cronjoblock_id_seq
    START WITH 1
    INCREMENT BY 1
    NO MINVALUE
    NO MAXVALUE
    CACHE 1
);


--
-- Name: django_cron_cronjoblog; Type: TABLE; Schema: public; Owner: jsswp2004
--

CREATE TABLE public.django_cron_cronjoblog (
    id bigint NOT NULL,
    code character varying(64) NOT NULL,
    start_time timestamp with time zone NOT NULL,
    end_time timestamp with time zone NOT NULL,
    is_success boolean NOT NULL,
    message text NOT NULL,
    ran_at_time time without time zone
);


ALTER TABLE public.django_cron_cronjoblog OWNER TO jsswp2004;

--
-- Name: django_cron_cronjoblog_id_seq; Type: SEQUENCE; Schema: public; Owner: jsswp2004
--

ALTER TABLE public.django_cron_cronjoblog ALTER COLUMN id ADD GENERATED BY DEFAULT AS IDENTITY (
    SEQUENCE NAME public.django_cron_cronjoblog_id_seq
    START WITH 1
    INCREMENT BY 1
    NO MINVALUE
    NO MAXVALUE
    CACHE 1
);


--
-- Name: django_migrations; Type: TABLE; Schema: public; Owner: jsswp2004
--

CREATE TABLE public.django_migrations (
    id bigint NOT NULL,
    app character varying(255) NOT NULL,
    name character varying(255) NOT NULL,
    applied timestamp with time zone NOT NULL
);


ALTER TABLE public.django_migrations OWNER TO jsswp2004;

--
-- Name: django_migrations_id_seq; Type: SEQUENCE; Schema: public; Owner: jsswp2004
--

ALTER TABLE public.django_migrations ALTER COLUMN id ADD GENERATED BY DEFAULT AS IDENTITY (
    SEQUENCE NAME public.django_migrations_id_seq
    START WITH 1
    INCREMENT BY 1
    NO MINVALUE
    NO MAXVALUE
    CACHE 1
);


--
-- Name: django_rest_passwordreset_resetpasswordtoken; Type: TABLE; Schema: public; Owner: jsswp2004
--

CREATE TABLE public.django_rest_passwordreset_resetpasswordtoken (
    created_at timestamp with time zone NOT NULL,
    key character varying(64) NOT NULL,
    ip_address inet,
    user_agent character varying(512) NOT NULL,
    user_id bigint NOT NULL,
    id integer NOT NULL
);


ALTER TABLE public.django_rest_passwordreset_resetpasswordtoken OWNER TO jsswp2004;

--
-- Name: django_rest_passwordreset_resetpasswordtoken_id_seq; Type: SEQUENCE; Schema: public; Owner: jsswp2004
--

ALTER TABLE public.django_rest_passwordreset_resetpasswordtoken ALTER COLUMN id ADD GENERATED BY DEFAULT AS IDENTITY (
    SEQUENCE NAME public.django_rest_passwordreset_resetpasswordtoken_id_seq
    START WITH 1
    INCREMENT BY 1
    NO MINVALUE
    NO MAXVALUE
    CACHE 1
);


--
-- Name: django_session; Type: TABLE; Schema: public; Owner: jsswp2004
--

CREATE TABLE public.django_session (
    session_key character varying(40) NOT NULL,
    session_data text NOT NULL,
    expire_date timestamp with time zone NOT NULL
);


ALTER TABLE public.django_session OWNER TO jsswp2004;

--
-- Name: users_chatmessage; Type: TABLE; Schema: public; Owner: jsswp2004
--

CREATE TABLE public.users_chatmessage (
    id bigint NOT NULL,
    message text NOT NULL,
    "timestamp" timestamp with time zone NOT NULL,
    is_read boolean NOT NULL,
    message_type character varying(20) NOT NULL,
    sender_id bigint NOT NULL,
    recipient_id bigint NOT NULL,
    room_id bigint NOT NULL
);


ALTER TABLE public.users_chatmessage OWNER TO jsswp2004;

--
-- Name: users_chatmessage_id_seq; Type: SEQUENCE; Schema: public; Owner: jsswp2004
--

ALTER TABLE public.users_chatmessage ALTER COLUMN id ADD GENERATED BY DEFAULT AS IDENTITY (
    SEQUENCE NAME public.users_chatmessage_id_seq
    START WITH 1
    INCREMENT BY 1
    NO MINVALUE
    NO MAXVALUE
    CACHE 1
);


--
-- Name: users_chatroom; Type: TABLE; Schema: public; Owner: jsswp2004
--

CREATE TABLE public.users_chatroom (
    id bigint NOT NULL,
    name character varying(255) NOT NULL,
    room_type character varying(20) NOT NULL,
    created_at timestamp with time zone NOT NULL,
    is_active boolean NOT NULL
);


ALTER TABLE public.users_chatroom OWNER TO jsswp2004;

--
-- Name: users_chatroom_id_seq; Type: SEQUENCE; Schema: public; Owner: jsswp2004
--

ALTER TABLE public.users_chatroom ALTER COLUMN id ADD GENERATED BY DEFAULT AS IDENTITY (
    SEQUENCE NAME public.users_chatroom_id_seq
    START WITH 1
    INCREMENT BY 1
    NO MINVALUE
    NO MAXVALUE
    CACHE 1
);


--
-- Name: users_chatroom_participants; Type: TABLE; Schema: public; Owner: jsswp2004
--

CREATE TABLE public.users_chatroom_participants (
    id bigint NOT NULL,
    chatroom_id bigint NOT NULL,
    customuser_id bigint NOT NULL
);


ALTER TABLE public.users_chatroom_participants OWNER TO jsswp2004;

--
-- Name: users_chatroom_participants_id_seq; Type: SEQUENCE; Schema: public; Owner: jsswp2004
--

ALTER TABLE public.users_chatroom_participants ALTER COLUMN id ADD GENERATED BY DEFAULT AS IDENTITY (
    SEQUENCE NAME public.users_chatroom_participants_id_seq
    START WITH 1
    INCREMENT BY 1
    NO MINVALUE
    NO MAXVALUE
    CACHE 1
);


--
-- Name: users_customuser; Type: TABLE; Schema: public; Owner: jsswp2004
--

CREATE TABLE public.users_customuser (
    id bigint NOT NULL,
    password character varying(128) NOT NULL,
    last_login timestamp with time zone,
    is_superuser boolean NOT NULL,
    username character varying(150) NOT NULL,
    first_name character varying(150) NOT NULL,
    last_name character varying(150) NOT NULL,
    email character varying(254) NOT NULL,
    is_staff boolean NOT NULL,
    is_active boolean NOT NULL,
    date_joined timestamp with time zone NOT NULL,
    role character varying(20) NOT NULL,
    provider_id bigint,
    profile_picture character varying(100),
    phone_number character varying(20),
    organization_id bigint,
    organization_type character varying(20) NOT NULL,
    registered boolean NOT NULL,
    stripe_customer_id character varying(255),
    stripe_subscription_id character varying(255),
    subscription_status character varying(50) NOT NULL,
    subscription_tier character varying(50) NOT NULL,
    trial_end_date timestamp with time zone,
    trial_start_date timestamp with time zone,
    is_online boolean NOT NULL,
    last_seen timestamp with time zone
);


ALTER TABLE public.users_customuser OWNER TO jsswp2004;

--
-- Name: users_customuser_groups; Type: TABLE; Schema: public; Owner: jsswp2004
--

CREATE TABLE public.users_customuser_groups (
    id bigint NOT NULL,
    customuser_id bigint NOT NULL,
    group_id integer NOT NULL
);


ALTER TABLE public.users_customuser_groups OWNER TO jsswp2004;

--
-- Name: users_customuser_groups_id_seq; Type: SEQUENCE; Schema: public; Owner: jsswp2004
--

ALTER TABLE public.users_customuser_groups ALTER COLUMN id ADD GENERATED BY DEFAULT AS IDENTITY (
    SEQUENCE NAME public.users_customuser_groups_id_seq
    START WITH 1
    INCREMENT BY 1
    NO MINVALUE
    NO MAXVALUE
    CACHE 1
);


--
-- Name: users_customuser_id_seq; Type: SEQUENCE; Schema: public; Owner: jsswp2004
--

ALTER TABLE public.users_customuser ALTER COLUMN id ADD GENERATED BY DEFAULT AS IDENTITY (
    SEQUENCE NAME public.users_customuser_id_seq
    START WITH 1
    INCREMENT BY 1
    NO MINVALUE
    NO MAXVALUE
    CACHE 1
);


--
-- Name: users_customuser_user_permissions; Type: TABLE; Schema: public; Owner: jsswp2004
--

CREATE TABLE public.users_customuser_user_permissions (
    id bigint NOT NULL,
    customuser_id bigint NOT NULL,
    permission_id integer NOT NULL
);


ALTER TABLE public.users_customuser_user_permissions OWNER TO jsswp2004;

--
-- Name: users_customuser_user_permissions_id_seq; Type: SEQUENCE; Schema: public; Owner: jsswp2004
--

ALTER TABLE public.users_customuser_user_permissions ALTER COLUMN id ADD GENERATED BY DEFAULT AS IDENTITY (
    SEQUENCE NAME public.users_customuser_user_permissions_id_seq
    START WITH 1
    INCREMENT BY 1
    NO MINVALUE
    NO MAXVALUE
    CACHE 1
);


--
-- Name: users_organization; Type: TABLE; Schema: public; Owner: jsswp2004
--

CREATE TABLE public.users_organization (
    id bigint NOT NULL,
    name character varying(255) NOT NULL,
    logo character varying(100),
    created_at timestamp with time zone NOT NULL
);


ALTER TABLE public.users_organization OWNER TO jsswp2004;

--
-- Name: users_organization_id_seq; Type: SEQUENCE; Schema: public; Owner: jsswp2004
--

ALTER TABLE public.users_organization ALTER COLUMN id ADD GENERATED BY DEFAULT AS IDENTITY (
    SEQUENCE NAME public.users_organization_id_seq
    START WITH 1
    INCREMENT BY 1
    NO MINVALUE
    NO MAXVALUE
    CACHE 1
);


--
-- Name: users_patient; Type: TABLE; Schema: public; Owner: jsswp2004
--

CREATE TABLE public.users_patient (
    id bigint NOT NULL,
    date_of_birth date,
    phone_number character varying(15),
    address character varying(255),
    medical_history text,
    user_id bigint NOT NULL,
    organization_id bigint
);


ALTER TABLE public.users_patient OWNER TO jsswp2004;

--
-- Name: users_patient_id_seq; Type: SEQUENCE; Schema: public; Owner: jsswp2004
--

ALTER TABLE public.users_patient ALTER COLUMN id ADD GENERATED BY DEFAULT AS IDENTITY (
    SEQUENCE NAME public.users_patient_id_seq
    START WITH 1
    INCREMENT BY 1
    NO MINVALUE
    NO MAXVALUE
    CACHE 1
);


--
-- Name: users_typingindicator; Type: TABLE; Schema: public; Owner: jsswp2004
--

CREATE TABLE public.users_typingindicator (
    id bigint NOT NULL,
    is_typing boolean NOT NULL,
    last_typing_time timestamp with time zone NOT NULL,
    user_id bigint NOT NULL,
    room_id bigint NOT NULL
);


ALTER TABLE public.users_typingindicator OWNER TO jsswp2004;

--
-- Name: users_typingindicator_id_seq; Type: SEQUENCE; Schema: public; Owner: jsswp2004
--

ALTER TABLE public.users_typingindicator ALTER COLUMN id ADD GENERATED BY DEFAULT AS IDENTITY (
    SEQUENCE NAME public.users_typingindicator_id_seq
    START WITH 1
    INCREMENT BY 1
    NO MINVALUE
    NO MAXVALUE
    CACHE 1
);


--
-- Data for Name: appointments_appointment; Type: TABLE DATA; Schema: public; Owner: jsswp2004
--

COPY public.appointments_appointment (id, title, description, appointment_datetime, duration_minutes, created_at, updated_at, patient_id, recurrence, provider_id, organization_id, status, recurrence_end_date, arrived, no_show) FROM stdin;
1	Test for new database	test for db	2025-05-01 16:00:00+00	30	2025-04-30 23:39:28.895881+00	2025-04-30 23:39:28.89589+00	1	none	\N	\N	scheduled	\N	f	f
2	Clinic Visit	I need to see my provider	2025-05-07 16:00:00+00	30	2025-05-01 01:02:02.806533+00	2025-05-01 01:02:02.806539+00	2	daily	\N	\N	scheduled	\N	f	f
3	Clinic Visit	I need to see my provider	2025-05-08 16:00:00+00	30	2025-05-01 01:02:02.808292+00	2025-05-01 01:02:02.808298+00	2	none	\N	\N	scheduled	\N	f	f
4	Clinic Visit	I need to see my provider	2025-05-09 16:00:00+00	30	2025-05-01 01:02:02.809026+00	2025-05-01 01:02:02.809032+00	2	none	\N	\N	scheduled	\N	f	f
25	Test for Provider	Test for Provider	2025-05-23 18:27:00+00	30	2025-05-02 18:44:53.203221+00	2025-05-02 18:59:11.786968+00	12	none	3	3	scheduled	\N	f	f
44	Final	Final test for appointment	2025-05-23 13:27:00+00	30	2025-05-22 20:28:01.468365+00	2025-05-22 20:28:01.46837+00	5	none	3	3	scheduled	\N	f	f
7	Clinic Visit	I need to see my provider	2025-05-12 16:00:00+00	30	2025-05-01 01:02:02.810775+00	2025-05-01 01:02:02.810781+00	2	none	\N	\N	scheduled	\N	f	f
8	Clinic Visit	I need to see my provider	2025-05-13 16:00:00+00	30	2025-05-01 01:02:02.811464+00	2025-05-01 01:02:02.81147+00	2	none	\N	\N	scheduled	\N	f	f
69	Established Patient Visit	test	2025-05-30 16:00:00+00	30	2025-05-29 23:00:43.211304+00	2025-05-29 23:04:49.303548+00	12	none	3	3	scheduled	\N	f	f
36	Established Patient Visit	test for blockssss	2025-05-30 20:59:00+00	30	2025-05-22 05:00:01.485713+00	2025-05-29 04:34:46.380741+00	17	none	3	3	scheduled	\N	f	f
65	Specialty Clinic Visit	Specialty	2025-05-29 20:00:00+00	30	2025-05-29 16:40:16.514956+00	2025-05-29 16:40:16.517345+00	28	none	3	3	scheduled	\N	f	f
15	New Visit	Test	2025-05-12 19:26:00+00	30	2025-05-01 21:27:15.311194+00	2025-05-01 21:27:15.3112+00	10	none	\N	\N	scheduled	\N	f	f
16	New Visit	Test	2025-05-13 19:26:00+00	30	2025-05-01 21:27:15.311794+00	2025-05-01 21:27:15.3118+00	10	none	\N	\N	scheduled	\N	f	f
35	New Clinic Visit		2025-05-08 21:00:00+00	30	2025-05-08 18:50:00.243019+00	2025-05-08 18:50:00.243027+00	12	none	5	3	scheduled	\N	f	f
11	Revisit	Test	2025-05-08 19:26:00+00	30	2025-05-01 21:27:15.308456+00	2025-05-02 02:07:43.56006+00	10	none	\N	\N	scheduled	\N	f	f
18	Test for Modal	Test for select doctor dropdown	2025-05-28 14:00:00+00	60	2025-05-02 02:33:48.157507+00	2025-05-02 02:33:48.157511+00	10	none	\N	\N	scheduled	\N	f	f
22	Test Visit	Test Visit Checkup	2025-05-19 15:55:00+00	30	2025-05-02 03:55:11.243409+00	2025-05-02 19:47:45.858445+00	12	none	5	3	scheduled	\N	f	f
12	New Visit	Test	2025-05-09 19:26:00+00	30	2025-05-01 21:27:15.309183+00	2025-05-02 02:53:17.454875+00	10	none	\N	\N	scheduled	\N	f	f
20	Test Visit	Test Visit Checkup	2025-05-05 15:55:00+00	30	2025-05-02 03:55:11.240429+00	2025-05-02 20:06:32.002278+00	12	weekly	5	3	scheduled	\N	f	f
27	Test Visit for Jorge	Test Visit for Jorge	2025-05-08 16:00:00+00	30	2025-05-08 02:03:53.789982+00	2025-05-08 02:03:53.78999+00	1	weekly	5	3	scheduled	\N	f	f
10	New Visit	Test	2025-05-07 19:26:00+00	30	2025-05-01 21:27:15.30618+00	2025-05-02 03:29:40.0644+00	10	none	\N	\N	scheduled	\N	f	f
28	Test Visit for Jorge	Test Visit for Jorge	2025-05-15 16:00:00+00	30	2025-05-08 02:03:53.792249+00	2025-05-08 02:03:53.792255+00	1	none	5	3	scheduled	\N	f	f
29	Test Visit for Jorge	Test Visit for Jorge	2025-05-22 16:00:00+00	30	2025-05-08 02:03:53.793091+00	2025-05-08 02:03:53.793095+00	1	none	5	3	scheduled	\N	f	f
42	New Clinic Visit	test	2025-05-28 04:00:00+00	30	2025-05-22 20:08:18.969799+00	2025-05-22 20:08:18.969803+00	12	none	5	3	scheduled	\N	f	f
43	test dfdfdd	test	2025-05-23 20:09:00+00	30	2025-05-22 20:09:12.300223+00	2025-05-22 20:09:12.300228+00	17	none	5	3	scheduled	\N	f	f
34	New Clinic Visit		2025-05-09 13:00:00+00	60	2025-05-08 18:10:41.339607+00	2025-05-08 18:10:41.339615+00	12	none	16	3	scheduled	\N	f	f
21	Test Visit	Test Visit Checkup	2025-05-12 15:55:00+00	60	2025-05-02 03:55:11.242533+00	2025-05-08 13:34:44.594957+00	12	none	16	3	scheduled	\N	f	f
47	John B	tested	2025-05-23 13:51:00+00	30	2025-05-23 03:51:39.713968+00	2025-05-23 04:18:33.331468+00	1	none	16	3	scheduled	\N	f	f
45	Final test appointment	Final test appointment	2025-05-23 20:29:00+00	30	2025-05-22 20:29:17.801058+00	2025-05-23 04:18:53.968187+00	8	none	16	3	scheduled	\N	f	f
63	Procedure Visit	Procedure today	2025-05-29 19:00:00+00	30	2025-05-29 16:38:41.25263+00	2025-05-29 16:38:41.257274+00	21	none	16	3	scheduled	\N	f	f
67	Procedure Visit	Procedure	2025-05-29 17:00:00+00	30	2025-05-29 16:41:51.587879+00	2025-05-29 16:41:51.590846+00	11	none	16	3	scheduled	\N	f	f
68	New Clinic Visit	I want to see my doctor. My blood pressure is going up.	2025-05-30 16:00:00+00	30	2025-05-29 22:17:16.755777+00	2025-05-29 22:17:16.7591+00	12	none	16	3	scheduled	\N	f	f
51	Trial visit	Trial visit	2025-05-27 16:00:00+00	30	2025-05-24 18:29:23.93023+00	2025-05-24 18:29:23.930236+00	25	none	31	4	scheduled	\N	f	f
55	Acute/Sick Visit	Acute	2025-05-29 19:00:00+00	30	2025-05-29 02:59:40.272564+00	2025-05-29 02:59:40.274814+00	25	none	31	4	scheduled	\N	f	f
32	Tomorrow Test	Tomorrow Test	2025-05-08 14:00:00+00	30	2025-05-08 03:48:29.311644+00	2025-05-08 03:48:29.311651+00	1	none	31	4	scheduled	\N	f	f
6	Clinic Visit		2025-05-16 16:00:00+00	30	2025-05-01 01:02:02.810211+00	2025-05-08 14:16:41.427422+00	2	none	31	4	scheduled	\N	f	f
9	Clinic Visit		2025-05-14 16:00:00+00	30	2025-05-01 01:02:02.81219+00	2025-05-08 14:19:15.741452+00	2	none	31	4	scheduled	\N	f	f
17	New Visit		2025-05-14 19:26:00+00	30	2025-05-01 21:27:15.312347+00	2025-05-08 14:19:26.698194+00	10	none	31	4	scheduled	\N	f	f
33	Follow-Up Visit	New Visit for me	2025-06-04 19:00:00+00	60	2025-05-08 14:33:01.918356+00	2025-05-29 14:48:34.312084+00	12	none	31	4	scheduled	\N	f	f
26	Modal Save		2025-05-21 16:00:00+00	30	2025-05-02 21:35:50.43896+00	2025-05-08 17:38:30.867332+00	12	none	31	4	scheduled	\N	f	f
60	Procedure Visit	Cool	2025-05-30 23:26:00+00	60	2025-05-29 04:28:49.248122+00	2025-05-29 04:28:49.259485+00	10	none	31	4	scheduled	\N	f	f
46	Susan Appt	Susan Appt	2025-05-23 21:30:00+00	30	2025-05-22 20:30:40.546866+00	2025-05-23 04:18:44.228979+00	8	none	31	4	scheduled	\N	f	f
61	New Patient Visit	fear	2025-05-30 23:26:00+00	60	2025-05-29 04:29:17.818259+00	2025-05-29 04:29:17.820371+00	10	none	31	4	scheduled	\N	f	f
52	Acute/Sick Visit	New Patient Visit Test Event	2025-05-29 20:00:00+00	30	2025-05-25 03:56:45.000958+00	2025-05-29 12:17:40.177413+00	23	none	31	4	completed	\N	f	f
53	Preventive Visit	tesetersss	2025-05-29 17:00:00+00	30	2025-05-28 21:59:21.841461+00	2025-05-29 16:42:20.376738+00	24	none	31	4	scheduled	\N	f	f
48	Buble	cc	2025-05-23 15:00:00+00	30	2025-05-23 03:57:11.9665+00	2025-05-23 03:57:11.966506+00	10	none	5	3	scheduled	\N	f	f
62	Preventive Visit	Trying harderereree	2025-05-30 02:00:00+00	30	2025-05-29 04:31:43.027126+00	2025-05-29 04:35:08.021816+00	3	none	5	3	scheduled	\N	f	f
70	Acute/Sick Visit	Test	2025-05-30 14:00:00+00	30	2025-05-29 23:06:57.682259+00	2025-05-29 23:06:57.682264+00	12	none	5	3	scheduled	\N	f	f
66	Telehealth/Virtual Visit	Virtual	2025-05-29 21:00:00+00	30	2025-05-29 16:41:09.456308+00	2025-05-29 16:41:09.458724+00	29	none	5	3	scheduled	\N	f	f
71	Procedure Visit	Procedure	2025-05-30 15:00:00+00	30	2025-05-29 23:26:24.031887+00	2025-05-29 23:26:24.031892+00	10	none	31	4	scheduled	\N	f	f
72	Consultation	I wanted to see my doctor who is the best	2025-06-02 16:00:00+00	30	2025-05-31 04:45:04.387289+00	2025-05-31 04:45:04.387298+00	36	none	31	4	scheduled	\N	f	f
73	Procedure Visit	Email test	2025-06-02 17:00:00+00	30	2025-05-31 18:32:12.835284+00	2025-05-31 18:32:12.835292+00	40	none	31	4	scheduled	\N	f	f
77	Follow-Up Visit	Follow	2025-06-02 14:00:00+00	30	2025-05-31 19:02:46.17057+00	2025-05-31 19:02:46.170575+00	38	none	31	4	scheduled	\N	f	f
78	Consultation		2025-06-02 18:00:00+00	30	2025-05-31 19:11:39.047761+00	2025-05-31 19:11:39.047767+00	34	none	31	4	scheduled	\N	f	f
79	Follow-Up Visit	test	2025-06-02 16:30:00+00	30	2025-05-31 19:13:57.188129+00	2025-05-31 19:13:57.188134+00	38	none	31	4	scheduled	\N	f	f
80	Specialty Clinic Visit	Test	2025-06-02 15:00:00+00	45	2025-05-31 20:45:23.160867+00	2025-05-31 20:45:48.130389+00	9	none	3	3	scheduled	\N	f	f
88	Established Patient Visit		2025-06-02 21:00:00+00	30	2025-05-31 21:26:38.396869+00	2025-05-31 21:26:38.396874+00	33	none	31	4	scheduled	\N	f	f
89	Follow-Up Visit	tEST	2025-06-02 19:00:00+00	30	2025-06-02 13:50:39.874295+00	2025-06-02 13:50:39.874302+00	4	none	3	3	scheduled	\N	f	f
90	Preventive Visit	Test	2025-06-06 18:00:00+00	30	2025-06-06 14:23:44.201893+00	2025-06-06 14:23:44.2019+00	2	none	16	3	scheduled	\N	f	f
92	Established Patient Visit	test for email	2025-06-09 16:00:00+00	30	2025-06-06 23:37:00.981681+00	2025-06-06 23:37:00.981687+00	33	none	31	4	scheduled	\N	f	t
91	Follow-Up Visit	test email	2025-06-09 15:00:00+00	30	2025-06-06 23:34:29.111406+00	2025-06-10 02:17:16.161574+00	9	none	3	3	scheduled	\N	f	t
98	Consultation	Consult	2025-06-11 14:00:00+00	30	2025-06-11 03:26:23.393235+00	2025-06-11 03:26:23.393241+00	80	none	31	4	scheduled	\N	f	f
99	Preventive Visit	test	2025-06-13 12:00:00+00	30	2025-06-12 11:28:04.945335+00	2025-06-12 11:28:04.945342+00	30	none	3	3	scheduled	\N	f	f
100	Follow-Up Visit		2025-06-16 13:27:00+00	30	2025-06-12 13:27:31.989343+00	2025-06-12 13:27:31.989351+00	9	none	3	3	scheduled	\N	f	f
\.


--
-- Data for Name: appointments_autoemail; Type: TABLE DATA; Schema: public; Owner: jsswp2004
--

COPY public.appointments_autoemail (id, auto_message_frequency, auto_message_day_of_week, auto_message_start_date, is_active, created_at, updated_at, organization_id) FROM stdin;
1	daily	1	2025-06-08	t	2025-06-06 22:30:54.014719+00	2025-06-07 13:35:11.979164+00	1
10	weekly	1	2025-06-08	t	2025-06-07 14:58:16.992276+00	2025-06-07 14:58:16.99229+00	12
9	daily	1	2025-06-08	t	2025-06-07 14:49:07.588871+00	2025-06-12 12:58:28.859817+00	3
\.


--
-- Data for Name: appointments_availability; Type: TABLE DATA; Schema: public; Owner: jsswp2004
--

COPY public.appointments_availability (id, start_time, end_time, is_blocked, recurrence, created_at, doctor_id, recurrence_end_date, organization_id, block_type) FROM stdin;
2346	2025-06-02 12:00:00+00	2025-06-02 21:00:00+00	f	daily	2025-05-31 05:09:58.454752+00	3	2025-06-06	3	Lunch
2347	2025-06-03 12:00:00+00	2025-06-03 21:00:00+00	f	none	2025-05-31 05:09:58.457584+00	3	\N	3	Lunch
2348	2025-06-04 12:00:00+00	2025-06-04 21:00:00+00	f	none	2025-05-31 05:09:58.459095+00	3	\N	3	Lunch
2349	2025-06-05 12:00:00+00	2025-06-05 21:00:00+00	f	none	2025-05-31 05:09:58.460472+00	3	\N	3	Lunch
2350	2025-06-06 12:00:00+00	2025-06-06 21:00:00+00	f	none	2025-05-31 05:09:58.461549+00	3	\N	3	Lunch
2354	2025-06-02 12:00:00+00	2025-06-02 21:00:00+00	f	daily	2025-05-31 14:35:22.023763+00	16	2025-06-06	3	Lunch
2355	2025-06-03 12:00:00+00	2025-06-03 21:00:00+00	f	none	2025-05-31 14:35:22.028496+00	16	\N	3	Lunch
2356	2025-06-04 12:00:00+00	2025-06-04 21:00:00+00	f	none	2025-05-31 14:35:22.030376+00	16	\N	3	Lunch
2357	2025-06-05 12:00:00+00	2025-06-05 21:00:00+00	f	none	2025-05-31 14:35:22.031935+00	16	\N	3	Lunch
2358	2025-06-06 12:00:00+00	2025-06-06 21:00:00+00	f	none	2025-05-31 14:35:22.033257+00	16	\N	3	Lunch
2445	2025-06-06 12:00:00+00	2025-06-06 21:00:00+00	f	daily	2025-06-06 12:38:56.207257+00	5	2025-06-13	1	\N
2345	2025-06-02 12:00:00+00	2025-06-02 21:00:00+00	f	daily	2025-05-31 05:08:08.920112+00	5	2025-06-20	3	Lunch
2351	2025-06-24 05:10:00+00	2025-06-24 05:10:00+00	t	daily	2025-05-31 05:10:51.886741+00	3	2025-06-26	3	Lunch
2352	2025-06-25 05:10:00+00	2025-06-25 05:10:00+00	t	none	2025-05-31 05:10:51.897711+00	3	\N	3	Lunch
2353	2025-06-26 05:10:00+00	2025-06-26 05:10:00+00	t	none	2025-05-31 05:10:51.899158+00	3	\N	3	Lunch
2446	2025-06-09 12:00:00+00	2025-06-09 21:00:00+00	f	none	2025-06-06 12:38:56.2183+00	5	\N	1	Lunch
2447	2025-06-10 12:00:00+00	2025-06-10 21:00:00+00	f	none	2025-06-06 12:38:56.219617+00	5	\N	1	Lunch
2448	2025-06-11 12:00:00+00	2025-06-11 21:00:00+00	f	none	2025-06-06 12:38:56.221369+00	5	\N	1	Lunch
2449	2025-06-12 12:00:00+00	2025-06-12 21:00:00+00	f	none	2025-06-06 12:38:56.222443+00	5	\N	1	Lunch
2450	2025-06-13 12:00:00+00	2025-06-13 21:00:00+00	f	none	2025-06-06 12:38:56.223474+00	5	\N	1	Lunch
2434	2025-06-02 12:00:00+00	2025-06-02 21:00:00+00	f	daily	2025-06-01 17:37:13.689799+00	31	2025-06-13	4	\N
2435	2025-06-03 12:00:00+00	2025-06-03 21:00:00+00	f	none	2025-06-01 17:37:13.700491+00	31	\N	4	Lunch
2436	2025-06-04 12:00:00+00	2025-06-04 21:00:00+00	f	none	2025-06-01 17:37:13.70224+00	31	\N	4	Lunch
2437	2025-06-05 12:00:00+00	2025-06-05 21:00:00+00	f	none	2025-06-01 17:37:13.703919+00	31	\N	4	Lunch
2438	2025-06-06 12:00:00+00	2025-06-06 21:00:00+00	f	none	2025-06-01 17:37:13.70551+00	31	\N	4	Lunch
2439	2025-06-09 12:00:00+00	2025-06-09 21:00:00+00	f	none	2025-06-01 17:37:13.706774+00	31	\N	4	Lunch
2440	2025-06-10 12:00:00+00	2025-06-10 21:00:00+00	f	none	2025-06-01 17:37:13.707969+00	31	\N	4	Lunch
2441	2025-06-11 12:00:00+00	2025-06-11 21:00:00+00	f	none	2025-06-01 17:37:13.709051+00	31	\N	4	Lunch
2442	2025-06-12 12:00:00+00	2025-06-12 21:00:00+00	f	none	2025-06-01 17:37:13.710183+00	31	\N	4	Lunch
2443	2025-06-13 12:00:00+00	2025-06-13 21:00:00+00	f	none	2025-06-01 17:37:13.711285+00	31	\N	4	Lunch
\.


--
-- Data for Name: appointments_clinicevent; Type: TABLE DATA; Schema: public; Owner: jsswp2004
--

COPY public.appointments_clinicevent (id, name, description, is_active) FROM stdin;
1	New Patient Visit	Initial evaluation of a patient who has not received care from the clinic/provider in the past 3 years.	t
2	Established Patient Visit	Follow-up or routine care for a patient previously seen by the provider or practice.	t
3	Preventive Visit	Wellness Exam / Annual Physical\\n\\nWell Child Visit (for pediatric patients)\\n\\nScreening Visits (e.g., cancer screening, immunization check)	t
4	Follow-Up Visit	Follow-up for a specific condition, chronic disease management (e.g., diabetes, hypertension), or post-hospital discharge.	t
5	Acute/Sick Visit	For new or sudden onset symptoms (e.g., cough, fever, minor injury).	t
6	Procedure Visit	Minor procedures done in the clinic (e.g., mole removal, joint injection, IUD placement, wound care).	t
7	Consultation	Referred evaluation from another provider for a specific problem or specialty opinion.	t
8	Preoperative Assessment	Visit to clear a patient for surgery or other procedures.	t
9	Medication Management	Focused visit to monitor and adjust medications (common for psychiatry, pain, anticoagulation clinics).	t
10	Transitional Care Visit	Post-hospital or post-ER discharge follow-up (often within 7-14 days).	t
11	Telehealth/Virtual Visit	Video or phone consults for any of the above types.	t
12	Nurse Visit	Visit with a nurse for routine care, vaccines, BP check, wound check, etc., without a provider.	t
13	Group Visit	Multiple patients seen together for shared medical appointments or education (e.g., diabetes education group).	t
14	Walk-In/Urgent Care Visit	Unscheduled visits for non-life-threatening issues needing prompt attention.	t
15	Specialty Clinic Visit	For visits to specific specialties (e.g., cardiology, dermatology) within the ambulatory setting.	t
16	Test Visit	Test clinic visit	t
\.


--
-- Data for Name: appointments_environmentsetting; Type: TABLE DATA; Schema: public; Owner: jsswp2004
--

COPY public.appointments_environmentsetting (id, blocked_days, updated_at) FROM stdin;
1	{6,0}	2025-06-07 13:35:11.964625+00
\.


--
-- Data for Name: appointments_holiday; Type: TABLE DATA; Schema: public; Owner: jsswp2004
--

COPY public.appointments_holiday (id, name, date, is_recognized, suppressed) FROM stdin;
69	Juneteenth National Independence Day	2025-06-19	t	f
77	Columbus Day	2025-10-13	t	f
121	Thanksgiving Day	2025-11-27	t	f
89	Martin Luther King Jr. Day	2025-01-20	t	f
135	Independence Day	2025-07-04	t	f
137	Labor Day	2025-09-01	t	f
140	Washington's Birthday	2025-02-17	t	f
143	Memorial Day	2025-05-26	t	f
144	Christmas Day	2025-12-25	t	f
145	Veterans Day	2025-11-11	t	f
148	New Year's Day	2025-01-01	t	t
149	New Year's	2025-01-01	t	f
150	Thanksgiving	2025-11-27	t	f
\.


--
-- Data for Name: auth_group; Type: TABLE DATA; Schema: public; Owner: jsswp2004
--

COPY public.auth_group (id, name) FROM stdin;
\.


--
-- Data for Name: auth_group_permissions; Type: TABLE DATA; Schema: public; Owner: jsswp2004
--

COPY public.auth_group_permissions (id, group_id, permission_id) FROM stdin;
\.


--
-- Data for Name: auth_permission; Type: TABLE DATA; Schema: public; Owner: jsswp2004
--

COPY public.auth_permission (id, name, content_type_id, codename) FROM stdin;
1	Can add log entry	1	add_logentry
2	Can change log entry	1	change_logentry
3	Can delete log entry	1	delete_logentry
4	Can view log entry	1	view_logentry
5	Can add permission	2	add_permission
6	Can change permission	2	change_permission
7	Can delete permission	2	delete_permission
8	Can view permission	2	view_permission
9	Can add group	3	add_group
10	Can change group	3	change_group
11	Can delete group	3	delete_group
12	Can view group	3	view_group
13	Can add content type	4	add_contenttype
14	Can change content type	4	change_contenttype
15	Can delete content type	4	delete_contenttype
16	Can view content type	4	view_contenttype
17	Can add session	5	add_session
18	Can change session	5	change_session
19	Can delete session	5	delete_session
20	Can view session	5	view_session
21	Can add user	6	add_customuser
22	Can change user	6	change_customuser
23	Can delete user	6	delete_customuser
24	Can view user	6	view_customuser
25	Can add appointment	7	add_appointment
26	Can change appointment	7	change_appointment
27	Can delete appointment	7	delete_appointment
28	Can view appointment	7	view_appointment
29	Can add patient	8	add_patient
30	Can change patient	8	change_patient
31	Can delete patient	8	delete_patient
32	Can view patient	8	view_patient
33	Can add Password Reset Token	9	add_resetpasswordtoken
34	Can change Password Reset Token	9	change_resetpasswordtoken
35	Can delete Password Reset Token	9	delete_resetpasswordtoken
36	Can view Password Reset Token	9	view_resetpasswordtoken
37	Can add availability	10	add_availability
38	Can change availability	10	change_availability
39	Can delete availability	10	delete_availability
40	Can view availability	10	view_availability
41	Can add environment setting	11	add_environmentsetting
42	Can change environment setting	11	change_environmentsetting
43	Can delete environment setting	11	delete_environmentsetting
44	Can view environment setting	11	view_environmentsetting
45	Can add holiday	12	add_holiday
46	Can change holiday	12	change_holiday
47	Can delete holiday	12	delete_holiday
48	Can view holiday	12	view_holiday
49	Can add clinic event	13	add_clinicevent
50	Can change clinic event	13	change_clinicevent
51	Can delete clinic event	13	delete_clinicevent
52	Can view clinic event	13	view_clinicevent
53	Can add organization	14	add_organization
54	Can change organization	14	change_organization
55	Can delete organization	14	delete_organization
56	Can view organization	14	view_organization
57	Can add auto email	15	add_autoemail
58	Can change auto email	15	change_autoemail
59	Can delete auto email	15	delete_autoemail
60	Can view auto email	15	view_autoemail
61	Can add crontab	16	add_crontabschedule
62	Can change crontab	16	change_crontabschedule
63	Can delete crontab	16	delete_crontabschedule
64	Can view crontab	16	view_crontabschedule
65	Can add interval	17	add_intervalschedule
66	Can change interval	17	change_intervalschedule
67	Can delete interval	17	delete_intervalschedule
68	Can view interval	17	view_intervalschedule
69	Can add periodic task	18	add_periodictask
70	Can change periodic task	18	change_periodictask
71	Can delete periodic task	18	delete_periodictask
72	Can view periodic task	18	view_periodictask
73	Can add periodic tasks	19	add_periodictasks
74	Can change periodic tasks	19	change_periodictasks
75	Can delete periodic tasks	19	delete_periodictasks
76	Can view periodic tasks	19	view_periodictasks
77	Can add solar event	20	add_solarschedule
78	Can change solar event	20	change_solarschedule
79	Can delete solar event	20	delete_solarschedule
80	Can view solar event	20	view_solarschedule
81	Can add clocked	21	add_clockedschedule
82	Can change clocked	21	change_clockedschedule
83	Can delete clocked	21	delete_clockedschedule
84	Can view clocked	21	view_clockedschedule
85	Can add cron job log	22	add_cronjoblog
86	Can change cron job log	22	change_cronjoblog
87	Can delete cron job log	22	delete_cronjoblog
88	Can view cron job log	22	view_cronjoblog
89	Can add cron job lock	23	add_cronjoblock
90	Can change cron job lock	23	change_cronjoblock
91	Can delete cron job lock	23	delete_cronjoblock
92	Can view cron job lock	23	view_cronjoblock
93	Can add contact	24	add_contact
94	Can change contact	24	change_contact
95	Can delete contact	24	delete_contact
96	Can view contact	24	view_contact
97	Can add message log	25	add_messagelog
98	Can change message log	25	change_messagelog
99	Can delete message log	25	delete_messagelog
100	Can view message log	25	view_messagelog
101	Can add Chat Message	26	add_chatmessage
102	Can change Chat Message	26	change_chatmessage
103	Can delete Chat Message	26	delete_chatmessage
104	Can view Chat Message	26	view_chatmessage
105	Can add Typing Indicator	27	add_typingindicator
106	Can change Typing Indicator	27	change_typingindicator
107	Can delete Typing Indicator	27	delete_typingindicator
108	Can view Typing Indicator	27	view_typingindicator
109	Can add Chat Room	28	add_chatroom
110	Can change Chat Room	28	change_chatroom
111	Can delete Chat Room	28	delete_chatroom
112	Can view Chat Room	28	view_chatroom
\.


--
-- Data for Name: communicator_contact; Type: TABLE DATA; Schema: public; Owner: jsswp2004
--

COPY public.communicator_contact (id, name, phone, email, created_at, uploaded_by_id) FROM stdin;
2	Jane Smith	3018806015	jane@example.com	2025-06-10 21:43:12.423098+00	1
3	Sarah Salazar	4276796203	jpatel@gmail.com	2025-06-11 04:03:39.398985+00	17
4	Ashley Adams	1250403118	murraybryan@diaz.org	2025-06-11 04:03:39.401699+00	17
5	James Cobb	5769251484	rebeccasmith@gmail.com	2025-06-11 04:03:39.402326+00	17
6	Brian Reed	1919379018	andrewsmartin@marks-jones.com	2025-06-11 04:03:39.402851+00	17
7	Mark Ford	8616110579	cody27@yahoo.com	2025-06-11 04:03:39.403329+00	17
8	Jacqueline Lee	3828431927	jnelson@payne.com	2025-06-11 04:03:39.403891+00	17
9	Krista Carroll	0032045257	carterkaitlyn@miller.com	2025-06-11 04:03:39.404409+00	17
10	Tina Guzman	0073761552	kevinwillis@luna-black.info	2025-06-11 04:03:39.404832+00	17
11	Donald Garcia	6270589897	johnathanharris@gmail.com	2025-06-11 04:03:39.40518+00	17
12	Ann Petty	6939397680	morgan42@hotmail.com	2025-06-11 04:03:39.405545+00	17
13	Michael Weaver	6097339831	pattersonrobert@gray.com	2025-06-11 04:03:39.405881+00	17
14	Megan Murray	2515045656	mharmon@jones-henry.com	2025-06-11 04:03:39.406247+00	17
15	Destiny Carter	6719606304	osanchez@reynolds.com	2025-06-11 04:03:39.406589+00	17
16	Anthony Maldonado	1874171313	rowlandjames@drake.com	2025-06-11 04:03:39.40694+00	17
17	Frank Roberts	8612942939	swong@jacobson.net	2025-06-11 04:03:39.407266+00	17
18	Dominique Combs	4786644858	kenneth52@yahoo.com	2025-06-11 04:03:39.407605+00	17
19	Anthony James	3081667413	lopezamy@wolfe-page.com	2025-06-11 04:03:39.407929+00	17
20	Robert Sharp	4080139953	weeksmarcus@burton.com	2025-06-11 04:03:39.408298+00	17
21	Eric Garza	9047397274	joneskathleen@campbell-baker.com	2025-06-11 04:03:39.408629+00	17
22	Lee Salas	3664706008	chaseward@hotmail.com	2025-06-11 04:03:39.408955+00	17
23	Tracy Johnson	2280650412	vsmith@gmail.com	2025-06-11 04:03:39.409274+00	17
24	William Brown	4305909985	catherine46@tapia.org	2025-06-11 04:03:39.409607+00	17
25	Darren Stanley	4575704502	wsimmons@gmail.com	2025-06-11 04:03:39.409943+00	17
26	Michael Douglas	7364497193	shannon84@martin.com	2025-06-11 04:03:39.410281+00	17
27	Michael Hall	6686944194	davidsmith@gmail.com	2025-06-11 04:03:39.410616+00	17
28	Alexandra Johnson	0323553412	echristensen@gmail.com	2025-06-11 04:03:39.410939+00	17
29	Juan Hudson II	6096971457	qwilliams@cox.info	2025-06-11 04:03:39.411263+00	17
30	Karen Long	9163744341	mary41@hotmail.com	2025-06-11 04:03:39.411598+00	17
31	Lindsey Martinez	5324604148	joshuataylor@fitzgerald.info	2025-06-11 04:03:39.412108+00	17
32	Linda Herrera	0808539202	markanderson@gmail.com	2025-06-11 04:03:39.412617+00	17
\.


--
-- Data for Name: communicator_messagelog; Type: TABLE DATA; Schema: public; Owner: jsswp2004
--

COPY public.communicator_messagelog (id, recipient, subject, body, message_type, status, provider_id, created_at, user_id) FROM stdin;
1	johnbelushi@mail.com	Visit reminder	Hi John, This is a reminder of your visit on: Friday, June 13, 2025 at 12:00 PM. Please arrive 15 minutes early. See you soon!	email	sent		2025-06-12 11:49:34.295062+00	\N
2	johnbelushi@mail.com	Visit reminder	Hi John, This is a reminder of your visit on: Friday, June 13, 2025 at 12:00 PM. Please arrive 15 minutes early. See you soon!	email	sent		2025-06-12 11:49:56.528991+00	\N
3	johnbelushi@mail.com	Visit reminder	Hi John, This is a reminder of your visit on: Friday, June 13, 2025 at 12:00 PM. Please arrive 15 minutes early. See you soon!	email	sent		2025-06-12 12:58:30.649588+00	\N
4	johnbelushi@mail.com	Visit reminder	Hi John, This is a reminder of your visit on: Friday, June 13, 2025 at 12:00 PM. Please arrive 15 minutes early. See you soon!	email	sent		2025-06-12 13:21:36.363543+00	\N
5	johnbelushi@mail.com	Visit reminder	Hi John, This is a reminder of your visit on: Friday, June 13, 2025 at 12:00 PM. Please arrive 15 minutes early. See you soon!	email	sent		2025-06-12 13:23:56.612385+00	\N
6	johnbelushi@mail.com	Visit reminder	Hi John, This is a reminder of your visit on: Friday, June 13, 2025 at 12:00 PM. Please arrive 15 minutes early. See you soon!	email	sent		2025-06-12 13:24:13.846725+00	\N
7	johnbelushi@mail.com	Visit reminder	Hi John, This is a reminder of your visit on: Friday, June 13, 2025 at 12:00 PM. Please arrive 15 minutes early. See you soon!	email	sent		2025-06-12 13:25:24.263525+00	\N
8	jsswp2004@outlook.com	Visit reminder	Hi Mike, This is a reminder of your visit on: Monday, June 16, 2025 at 01:27 PM. Please arrive 15 minutes early. See you soon!	email	sent		2025-06-12 13:27:52.291746+00	\N
9	johnbelushi@mail.com	Visit reminder	Hi John, This is a reminder of your visit on: Friday, June 13, 2025 at 12:00 PM. Please arrive 15 minutes early. See you soon!	email	sent		2025-06-12 14:18:13.054321+00	\N
10	jsswp2004@outlook.com	Visit reminder	Hi Mike, This is a reminder of your visit on: Monday, June 16, 2025 at 01:27 PM. Please arrive 15 minutes early. See you soon!	email	sent		2025-06-12 14:18:14.056771+00	\N
11	johnbelushi@mail.com	Visit reminder	Hi John, This is a reminder of your visit on: Friday, June 13, 2025 at 12:00 PM. Please arrive 15 minutes early. See you soon!	email	sent		2025-06-12 21:47:11.796047+00	\N
12	jsswp2004@outlook.com	Visit reminder	Hi Mike, This is a reminder of your visit on: Monday, June 16, 2025 at 01:27 PM. Please arrive 15 minutes early. See you soon!	email	sent		2025-06-12 21:47:12.987901+00	\N
\.


--
-- Data for Name: django_admin_log; Type: TABLE DATA; Schema: public; Owner: jsswp2004
--

COPY public.django_admin_log (id, action_time, object_id, object_repr, action_flag, change_message, content_type_id, user_id) FROM stdin;
1	2025-05-01 04:39:01.793279+00	14	ramontulfo (registrar)	2	[{"changed": {"fields": ["Superuser status"]}}]	6	1
\.


--
-- Data for Name: django_celery_beat_clockedschedule; Type: TABLE DATA; Schema: public; Owner: jsswp2004
--

COPY public.django_celery_beat_clockedschedule (id, clocked_time) FROM stdin;
\.


--
-- Data for Name: django_celery_beat_crontabschedule; Type: TABLE DATA; Schema: public; Owner: jsswp2004
--

COPY public.django_celery_beat_crontabschedule (id, minute, hour, day_of_week, day_of_month, month_of_year, timezone) FROM stdin;
\.


--
-- Data for Name: django_celery_beat_intervalschedule; Type: TABLE DATA; Schema: public; Owner: jsswp2004
--

COPY public.django_celery_beat_intervalschedule (id, every, period) FROM stdin;
\.


--
-- Data for Name: django_celery_beat_periodictask; Type: TABLE DATA; Schema: public; Owner: jsswp2004
--

COPY public.django_celery_beat_periodictask (id, name, task, args, kwargs, queue, exchange, routing_key, expires, enabled, last_run_at, total_run_count, date_changed, description, crontab_id, interval_id, solar_id, one_off, start_time, priority, headers, clocked_id, expire_seconds) FROM stdin;
\.


--
-- Data for Name: django_celery_beat_periodictasks; Type: TABLE DATA; Schema: public; Owner: jsswp2004
--

COPY public.django_celery_beat_periodictasks (ident, last_update) FROM stdin;
\.


--
-- Data for Name: django_celery_beat_solarschedule; Type: TABLE DATA; Schema: public; Owner: jsswp2004
--

COPY public.django_celery_beat_solarschedule (id, event, latitude, longitude) FROM stdin;
\.


--
-- Data for Name: django_content_type; Type: TABLE DATA; Schema: public; Owner: jsswp2004
--

COPY public.django_content_type (id, app_label, model) FROM stdin;
1	admin	logentry
2	auth	permission
3	auth	group
4	contenttypes	contenttype
5	sessions	session
6	users	customuser
7	appointments	appointment
8	users	patient
9	django_rest_passwordreset	resetpasswordtoken
10	appointments	availability
11	appointments	environmentsetting
12	appointments	holiday
13	appointments	clinicevent
14	users	organization
15	appointments	autoemail
16	django_celery_beat	crontabschedule
17	django_celery_beat	intervalschedule
18	django_celery_beat	periodictask
19	django_celery_beat	periodictasks
20	django_celery_beat	solarschedule
21	django_celery_beat	clockedschedule
22	django_cron	cronjoblog
23	django_cron	cronjoblock
24	communicator	contact
25	communicator	messagelog
26	users	chatmessage
27	users	typingindicator
28	users	chatroom
\.


--
-- Data for Name: django_cron_cronjoblock; Type: TABLE DATA; Schema: public; Owner: jsswp2004
--

COPY public.django_cron_cronjoblock (id, job_name, locked) FROM stdin;
\.


--
-- Data for Name: django_cron_cronjoblog; Type: TABLE DATA; Schema: public; Owner: jsswp2004
--

COPY public.django_cron_cronjoblog (id, code, start_time, end_time, is_success, message, ran_at_time) FROM stdin;
\.


--
-- Data for Name: django_migrations; Type: TABLE DATA; Schema: public; Owner: jsswp2004
--

COPY public.django_migrations (id, app, name, applied) FROM stdin;
1	contenttypes	0001_initial	2025-04-30 23:33:50.453884+00
2	contenttypes	0002_remove_content_type_name	2025-04-30 23:33:50.45836+00
3	auth	0001_initial	2025-04-30 23:33:50.48605+00
4	auth	0002_alter_permission_name_max_length	2025-04-30 23:33:50.489215+00
5	auth	0003_alter_user_email_max_length	2025-04-30 23:33:50.492089+00
6	auth	0004_alter_user_username_opts	2025-04-30 23:33:50.494665+00
7	auth	0005_alter_user_last_login_null	2025-04-30 23:33:50.49734+00
8	auth	0006_require_contenttypes_0002	2025-04-30 23:33:50.498017+00
9	auth	0007_alter_validators_add_error_messages	2025-04-30 23:33:50.500651+00
10	auth	0008_alter_user_username_max_length	2025-04-30 23:33:50.503449+00
11	auth	0009_alter_user_last_name_max_length	2025-04-30 23:33:50.506401+00
12	auth	0010_alter_group_name_max_length	2025-04-30 23:33:50.509711+00
13	auth	0011_update_proxy_permissions	2025-04-30 23:33:50.512324+00
14	auth	0012_alter_user_first_name_max_length	2025-04-30 23:33:50.514854+00
15	users	0001_initial	2025-04-30 23:33:50.538675+00
16	admin	0001_initial	2025-04-30 23:33:50.551165+00
17	admin	0002_logentry_remove_auto_add	2025-04-30 23:33:50.55553+00
18	admin	0003_logentry_add_action_flag_choices	2025-04-30 23:33:50.560642+00
19	appointments	0001_initial	2025-04-30 23:33:50.579855+00
20	appointments	0002_appointment_recurrence	2025-04-30 23:33:50.590721+00
21	sessions	0001_initial	2025-04-30 23:33:50.601035+00
22	users	0002_remove_customuser_is_doctor_and_more	2025-04-30 23:33:50.615287+00
23	users	0003_customuser_provider	2025-05-01 02:01:50.133652+00
24	users	0004_alter_customuser_role	2025-05-01 04:15:32.081917+00
25	appointments	0003_appointment_provider	2025-05-02 18:21:32.03972+00
26	users	0005_patient	2025-05-04 14:29:30.849699+00
27	users	0006_customuser_profile_picture	2025-05-06 19:02:17.876579+00
28	django_rest_passwordreset	0001_initial	2025-05-06 21:46:14.489572+00
29	django_rest_passwordreset	0002_pk_migration	2025-05-06 21:46:14.536122+00
30	django_rest_passwordreset	0003_allow_blank_and_null_fields	2025-05-06 21:46:14.548404+00
31	django_rest_passwordreset	0004_alter_resetpasswordtoken_user_agent	2025-05-06 21:46:14.553969+00
32	users	0007_customuser_phone_number	2025-05-07 01:58:44.974314+00
33	appointments	0004_availability	2025-05-07 14:49:35.968393+00
34	appointments	0005_alter_availability_recurrence	2025-05-22 03:23:36.305647+00
35	appointments	0006_availability_recurrence_end_date	2025-05-22 03:23:36.31408+00
36	appointments	0007_environmentsetting	2025-05-22 04:57:26.930259+00
37	appointments	0008_environmentsetting_holidays	2025-05-22 17:13:14.593312+00
38	appointments	0009_holiday_remove_environmentsetting_holidays	2025-05-22 19:13:27.294944+00
39	appointments	0010_clinicevent	2025-05-25 03:48:48.664689+00
40	users	0008_organization	2025-05-27 14:29:40.42662+00
41	users	0009_customuser_organization	2025-05-27 14:29:40.440094+00
42	appointments	0011_appointment_organization	2025-05-27 14:29:40.449665+00
43	appointments	0012_availability_organization	2025-05-27 14:29:40.4598+00
44	users	0010_alter_customuser_role	2025-05-27 14:29:40.465682+00
45	users	0011_alter_customuser_role	2025-05-28 21:19:34.145994+00
46	appointments	0013_appointment_status	2025-05-29 04:11:44.829157+00
47	appointments	0014_holiday_unique_holiday	2025-05-29 19:16:02.365806+00
48	appointments	0015_holiday_suppressed	2025-05-29 19:22:23.518082+00
49	users	0012_patient_organization	2025-05-29 22:41:45.280535+00
50	appointments	0016_availability_block_type	2025-06-01 13:25:18.285331+00
51	appointments	0017_appointment_recurrence_end_date	2025-06-05 18:04:10.108457+00
52	users	0013_customuser_organization_type	2025-06-06 17:03:21.042901+00
53	users	0014_add_registered_field	2025-06-06 17:42:09.855226+00
54	users	0015_add_subscription_fields	2025-06-06 17:58:58.90831+00
55	appointments	0018_autoemail	2025-06-06 21:53:32.140387+00
56	django_celery_beat	0001_initial	2025-06-06 22:30:32.391445+00
57	django_celery_beat	0002_auto_20161118_0346	2025-06-06 22:30:32.402574+00
58	django_celery_beat	0003_auto_20161209_0049	2025-06-06 22:30:32.407738+00
59	django_celery_beat	0004_auto_20170221_0000	2025-06-06 22:30:32.410294+00
60	django_celery_beat	0005_add_solarschedule_events_choices	2025-06-06 22:30:32.412975+00
61	django_celery_beat	0006_auto_20180322_0932	2025-06-06 22:30:32.427966+00
62	django_celery_beat	0007_auto_20180521_0826	2025-06-06 22:30:32.434968+00
63	django_celery_beat	0008_auto_20180914_1922	2025-06-06 22:30:32.446693+00
64	django_celery_beat	0006_auto_20180210_1226	2025-06-06 22:30:32.45426+00
65	django_celery_beat	0006_periodictask_priority	2025-06-06 22:30:32.459556+00
66	django_celery_beat	0009_periodictask_headers	2025-06-06 22:30:32.464596+00
67	django_celery_beat	0010_auto_20190429_0326	2025-06-06 22:30:32.534033+00
68	django_celery_beat	0011_auto_20190508_0153	2025-06-06 22:30:32.543882+00
69	django_celery_beat	0012_periodictask_expire_seconds	2025-06-06 22:30:32.549392+00
70	django_celery_beat	0013_auto_20200609_0727	2025-06-06 22:30:32.554671+00
71	django_celery_beat	0014_remove_clockedschedule_enabled	2025-06-06 22:30:32.558061+00
72	django_celery_beat	0015_edit_solarschedule_events_choices	2025-06-06 22:30:32.560856+00
73	django_celery_beat	0016_alter_crontabschedule_timezone	2025-06-06 22:30:32.567232+00
74	django_celery_beat	0017_alter_crontabschedule_month_of_year	2025-06-06 22:30:32.571654+00
75	django_celery_beat	0018_improve_crontab_helptext	2025-06-06 22:30:32.575503+00
76	django_cron	0001_initial	2025-06-07 03:42:49.963163+00
77	django_cron	0002_remove_max_length_from_CronJobLog_message	2025-06-07 03:42:49.968363+00
78	django_cron	0003_cronjoblock	2025-06-07 03:42:49.974652+00
79	appointments	0019_appointment_arrived_appointment_no_show	2025-06-10 01:07:35.358483+00
80	appointments	0020_alter_autoemail_auto_message_frequency	2025-06-10 01:07:35.367805+00
81	django_cron	0004_alter_cronjoblock_id_alter_cronjoblog_id	2025-06-10 01:07:35.412454+00
82	communicator	0001_initial	2025-06-10 21:42:18.175707+00
83	users	0016_alter_patient_medical_history	2025-06-11 02:04:19.809137+00
84	communicator	0002_messagelog	2025-06-12 05:04:05.335963+00
85	users	0017_customuser_is_online_customuser_last_seen	2025-06-13 00:37:45.627122+00
86	users	0018_chat_models	2025-06-13 01:35:49.66694+00
87	users	0003_chat_models	2025-06-13 02:58:13.125886+00
88	users	0019_merge_0003_chat_models_0018_chat_models	2025-06-13 02:58:13.128634+00
\.


--
-- Data for Name: django_rest_passwordreset_resetpasswordtoken; Type: TABLE DATA; Schema: public; Owner: jsswp2004
--

COPY public.django_rest_passwordreset_resetpasswordtoken (created_at, key, ip_address, user_agent, user_id, id) FROM stdin;
2025-05-09 02:18:57.079063+00	ac8da2567b9dff34fd70636b8f31a7	127.0.0.1	Mozilla/5.0 (Windows NT 10.0; Win64; x64) AppleWebKit/537.36 (KHTML, like Gecko) Chrome/136.0.0.0 Safari/537.36 Edg/136.0.0.0	1	2
\.


--
-- Data for Name: django_session; Type: TABLE DATA; Schema: public; Owner: jsswp2004
--

COPY public.django_session (session_key, session_data, expire_date) FROM stdin;
va1qutdn653j98sy1nh654e3jennjzpe	.eJxVjMsOgjAQRf-la9NAh7HFpXu-oZlHa1EDCYWV8d-VhIVu7znnvkykbS1xq2mJo5qLac3pd2OSR5p2oHeabrOVeVqXke2u2INWO8yantfD_TsoVMu37gKGMziGPvQZhTNmdk5IPCJAFmCmjJ22AOhDExQwkTiflFqftTHvD-DBODY:1uALcG:1rO6ShUePmKix-PwjiBw2wP1kfDsDCfLPIV2F2ub0xo	2025-05-15 04:33:44.063686+00
\.


--
-- Data for Name: users_chatmessage; Type: TABLE DATA; Schema: public; Owner: jsswp2004
--

COPY public.users_chatmessage (id, message, "timestamp", is_read, message_type, sender_id, recipient_id, room_id) FROM stdin;
3	test again	2025-06-14 04:59:08.314365+00	f	text	37	17	1
4	this is good now	2025-06-14 04:59:24.024187+00	f	text	37	17	1
5	cool danielle, are you there?	2025-06-14 04:59:58.96062+00	f	text	17	37	1
6	this is so cool	2025-06-14 05:00:49.074178+00	f	text	17	37	1
7	this is working	2025-06-14 05:02:09.76633+00	f	text	37	17	1
8	hi	2025-06-14 05:04:32.258919+00	f	text	37	17	1
9	hello josh	2025-06-14 05:04:50.059363+00	f	text	37	17	1
10	hi	2025-06-14 05:05:09.309159+00	f	text	17	37	1
11	hi	2025-06-14 05:06:57.778058+00	f	text	17	37	1
12	hi josh	2025-06-14 05:07:10.192575+00	f	text	37	17	1
13	you ok?	2025-06-14 05:07:14.437968+00	f	text	37	17	1
14	im good. thank god this is fixed	2025-06-14 05:07:29.006582+00	f	text	17	37	1
15	testing message to you	2025-06-14 05:25:24.890193+00	f	text	37	17	1
16	this is sent tto you	2025-06-14 05:26:36.494164+00	f	text	17	37	1
17	this is good	2025-06-14 05:26:56.841749+00	f	text	17	37	1
18	thank you	2025-06-14 05:27:07.187065+00	f	text	37	17	1
19	hi, this is jess the admin you ok?	2025-06-14 05:46:10.108557+00	f	text	1	37	2
20	can you get this?	2025-06-14 05:48:13.650777+00	f	text	17	16	3
21	yes i do	2025-06-14 05:49:47.905678+00	f	text	16	17	3
22	test message to panelo	2025-06-14 15:38:34.577303+00	f	text	17	3	4
23	test for carlo debug	2025-06-14 15:44:57.905071+00	f	text	17	3	4
24	another test to debug badge count	2025-06-14 15:52:41.567825+00	f	text	17	3	4
25	test final i hope	2025-06-14 16:01:43.967221+00	f	text	17	3	4
26	test final 2	2025-06-14 16:01:59.189785+00	f	text	17	3	4
27	testing this for error	2025-06-14 16:02:35.375344+00	f	text	17	3	4
28	test again	2025-06-14 16:03:05.068699+00	f	text	17	3	4
29	another test hope it works	2025-06-14 16:09:07.491072+00	f	text	17	3	4
30	test message for debgging	2025-06-14 16:11:24.319878+00	f	text	17	3	4
31	again?	2025-06-14 16:15:10.604989+00	f	text	17	3	4
32	testing	2025-06-14 16:16:54.346861+00	f	text	17	3	4
33	tested again	2025-06-14 16:21:23.2824+00	f	text	17	3	4
34	test	2025-06-14 16:23:01.874623+00	f	text	17	3	4
35	tested again and again	2025-06-14 16:26:05.801542+00	f	text	17	3	4
36	test	2025-06-14 16:29:54.055648+00	f	text	17	3	4
37	read this please	2025-06-14 16:32:47.511152+00	f	text	17	3	4
38	read	2025-06-14 16:33:10.095873+00	f	text	17	3	4
39	test please	2025-06-14 16:46:50.95987+00	f	text	17	3	4
40	test	2025-06-14 16:47:16.964676+00	f	text	17	3	4
41	thanks josh	2025-06-14 17:03:31.00152+00	f	text	3	17	4
42	your welcome	2025-06-14 17:03:49.015641+00	f	text	17	3	4
43	thanks	2025-06-14 17:08:05.089706+00	f	text	17	3	4
44	just sent	2025-06-14 17:09:30.17527+00	f	text	3	17	4
45	thanks again	2025-06-14 17:14:51.39393+00	f	text	17	3	4
\.


--
-- Data for Name: users_chatroom; Type: TABLE DATA; Schema: public; Owner: jsswp2004
--

COPY public.users_chatroom (id, name, room_type, created_at, is_active) FROM stdin;
1	Danielle & Joshua Salvacion	direct	2025-06-13 20:02:54.13649+00	t
2	Direct: jsswp2004, daniellebishop	direct	2025-06-14 05:45:49.331515+00	t
3	Direct: maytan, joshsalvacion	direct	2025-06-14 05:48:05.419087+00	t
4	Direct: carlopanelo, joshsalvacion	direct	2025-06-14 15:37:59.579692+00	t
5	Direct: carlopanelo, drsmith	direct	2025-06-14 17:15:10.222739+00	t
\.


--
-- Data for Name: users_chatroom_participants; Type: TABLE DATA; Schema: public; Owner: jsswp2004
--

COPY public.users_chatroom_participants (id, chatroom_id, customuser_id) FROM stdin;
1	1	17
2	1	37
3	2	1
4	2	37
5	3	16
6	3	17
7	4	17
8	4	3
9	5	3
10	5	5
\.


--
-- Data for Name: users_customuser; Type: TABLE DATA; Schema: public; Owner: jsswp2004
--

COPY public.users_customuser (id, password, last_login, is_superuser, username, first_name, last_name, email, is_staff, is_active, date_joined, role, provider_id, profile_picture, phone_number, organization_id, organization_type, registered, stripe_customer_id, stripe_subscription_id, subscription_status, subscription_tier, trial_end_date, trial_start_date, is_online, last_seen) FROM stdin;
73	pbkdf2_sha256$600000$wqPHiL366tmMKkp1vzapnX$5Gmsu4cuohRhAhPrdBsPdaz8+ZjlVLqQltF0J2fgPT8=	\N	f	test_patient_new_1749604995	Test	Patient	test_patient_new_1749604995@example.com	f	t	2025-06-11 01:23:16.031992+00	patient	\N		\N	20	personal	f	\N	\N	trial	basic	\N	\N	f	\N
3	pbkdf2_sha256$600000$Enr0VzZSSsyAjo5q3lb1Lj$/7Z0DwKwM70QoSd4KK4tAXCZxcQSWq63FX/FdXOlZqQ=	\N	f	carlopanelo	Carlo	Panelo	carlo.panelo@mail.com	f	t	2025-05-01 01:29:10.853476+00	doctor	\N		\N	3	personal	t	\N	\N	trial	basic	\N	\N	f	2025-06-14 17:34:09.180598+00
76	pbkdf2_sha256$600000$8reJQ2yJvpNrtYXQompUxd$4KxqS04Kz17pWWMrP9n3OGteQkHB7ywPVgkmVZvYiEU=	\N	f	test_enrollment_fixed	Test	Enrollment	test_enrollment_fixed@example.com	f	t	2025-06-11 01:26:29.54792+00	admin	\N		\N	22	personal	t	cus_STacCqYWZTrNoD	sub_1RYdQxFfk7zi0PnMEXAdEA1T	trial	Clinic	2025-06-18 01:26:31.965654+00	2025-06-11 01:26:31.965654+00	f	\N
1	pbkdf2_sha256$600000$yGeV6c5Bt1QYHJrjd9blTx$RxRzraiwZkwDo6j7UE66vfEkzs+hes6g6QKR7MfTK9w=	2025-05-01 04:33:44.062265+00	t	jsswp2004	Jesus	Salvacion	jsswp2004@outlook.com	t	t	2025-04-30 23:38:08.258081+00	system_admin	5	profile_pics/IMG_2657.JPEG	3018806015	1	personal	t	\N	\N	trial	basic	\N	\N	f	2025-06-14 05:49:25.181271+00
79	pbkdf2_sha256$600000$RPot49B24ZOfiqZhnVksdk$WNeXB5BayDemzY64iMvDBKWY5cVHss1U7SkJiVhMZCA=	\N	f	debbiecolter	Debbie	Colter	debbiecolter@mail.com	f	t	2025-06-11 01:40:55.289193+00	patient	3		\N	3	personal	f	\N	\N	trial	basic	\N	\N	f	\N
13	pbkdf2_sha256$600000$f5A4CCXk3jsErQP50xhBYV$eoB4gB0LqDN3gQnZamqFDovyZEsfUzibPy3IIJr9pVg=	\N	f	malcolmabram	Malcolm	Abram	malcolmabram@mail.com	f	t	2025-05-01 04:11:38.606282+00	registrar	\N		\N	4	personal	t	\N	\N	trial	basic	\N	\N	f	2025-06-14 05:48:59.353255+00
20	pbkdf2_sha256$1000000$teAKI65JDcrf8V38PKRA3l$n9jPUK2I+y/qJQhYVX1yP4CNXErTo0kL/LKKbd2hK6s=	\N	f	susan03	Susan	Clark	susan@example.com	f	t	2025-05-01 15:36:24.909011+00	patient	3		\N	3	personal	t	\N	\N	trial	basic	\N	\N	f	\N
15	pbkdf2_sha256$1000000$faksADgeqUfCbJTxLTL06E$EatHiUtMi7P/okO1l0VEHHcgeayU0eZMGI2MUhxCS6g=	\N	f	margorubio	Margo	Rubio	margorubio@mail.com	f	t	2025-05-01 04:18:33.691663+00	registrar	\N		3018806015	4	personal	t	\N	\N	trial	basic	\N	\N	f	\N
5	pbkdf2_sha256$1000000$NnItWAOiTmwbOcYqI5uIvI$QAieDiSPnNw4LNKLGWAzKgBMhvKhckE7jrjpaxxXKLM=	\N	f	drsmith	John	Smith	drsmith@example.com	f	t	2025-05-01 03:00:38.367092+00	doctor	\N		3018806015	3	personal	t	\N	\N	trial	basic	\N	\N	f	\N
17	pbkdf2_sha256$600000$OHu6qFIZgIXeltWQOS4LJA$cPW2xnOQOZoheZm1uefdKAd0+laXY/vzUoycaKHWC5g=	\N	f	joshsalvacion	Joshua	Salvacion	jsswp199427@gmail.com	f	t	2025-05-01 13:57:01.132007+00	registrar	\N	profile_pics/20121227_132556000_iOS.jpg	\N	3	personal	t	\N	\N	trial	basic	\N	\N	f	2025-06-14 17:33:45.344034+00
62	pbkdf2_sha256$1000000$lvOeovUUn66DayrZrvEiKA$YBiodL9JekQxbr/st0co4JKOtHAumNho8mobHuYru+o=	\N	f	testuser_premium_nopm	Test	Premium	testuser_premium_nopm@example.com	f	t	2025-06-06 18:41:44.557201+00	none	\N		\N	14	clinic	t	cus_SRzBthHTPHxmu3	sub_1RX5D6Ffk7zi0PnMtIWDtFOe	trial	Clinic	2025-06-13 18:41:46.914837+00	2025-06-06 18:41:46.914837+00	f	\N
28	pbkdf2_sha256$1000000$0GciJXfpteQ3VaaBbNylsZ$adGxcWZimD88QTMyCoy2TQSA6R4J+h1UtMfma3kJ/W4=	\N	f	ahtisamanalo	Ahtisa	Manalo	ahtisamanalo@mail.com	f	t	2025-05-04 15:12:43.989365+00	patient	5	\N	\N	3	personal	t	\N	\N	trial	basic	\N	\N	f	\N
14	pbkdf2_sha256$1000000$pmojXBbQXYMyjAxLbmwEYB$2F7A7vd8OX44bPR1sXUf7QVw/d+OjXR40TZ0QvBJO1A=	\N	t	ramontulfo	Ramon	Tulfo	ramontulfo@mail.com	f	t	2025-05-01 04:16:35+00	registrar	\N	\N	\N	\N	personal	t	\N	\N	trial	basic	\N	\N	f	\N
6	pbkdf2_sha256$1000000$wxVnzXEPC7ybiSsVBSzEhw$Ej4Uuu0IU5Owyaq0vuMVcoX+2qZKzSQW9cNAIxDLpM8=	\N	f	jane123	Jane	Doe	jane@example.com	f	t	2025-05-01 03:00:38.876284+00	patient	5	\N	\N	3	personal	t	\N	\N	trial	basic	\N	\N	f	\N
64	pbkdf2_sha256$600000$x26fVtqUXwgET9VmjpXTS3$FeqLl3LXgOePnOj5kVM4feGeWDodVdMblpnOZhFNzeE=	\N	f	alethimarquez	Alethi	Marquez	alethimarquez@mail.com	f	t	2025-06-06 18:47:20.490215+00	none	\N		\N	12	clinic	t	cus_SRzH1f4lMYMjT5	sub_1RX5IWFfk7zi0PnM9qKH1M41	trial	Clinic	2025-06-13 18:47:22.888058+00	2025-06-06 18:47:22.888058+00	f	\N
11	pbkdf2_sha256$1000000$4pCrabrwSWj7P1dHBqDTdS$uZexEgDLpDyOnlDNHwyrRAEbknWWW5lXEeA1MPpa3Pw=	\N	f	estellamarquez	Estella	Marquez	estellamarquez@mail.com	f	t	2025-05-01 03:36:39.038+00	patient	5	\N	\N	3	personal	t	\N	\N	trial	basic	\N	\N	f	\N
77	pbkdf2_sha256$600000$zoaDYqFMCrbWKa97MZwXl3$eo9bSG+2QIQ/KHV+jIpDfqqYm5kDHDrLjsZFgDVHPAE=	\N	f	troyeligible	Troy	Eligible	troyeligible@mail.com	f	t	2025-06-11 01:29:02.712314+00	patient	16		\N	3	personal	f	\N	\N	trial	basic	\N	\N	f	\N
24	pbkdf2_sha256$1000000$8kZlD9EixWw8sgNh3xef4G$svjqo4If4p+SWdA9I6e/uwiV5HI/bLfSCp5u7RUa0aI=	\N	f	paul10	Paul	Hughes	paul@example.com	f	t	2025-05-01 15:38:16.391621+00	patient	16		\N	3	personal	t	\N	\N	trial	basic	\N	\N	f	\N
46	pbkdf2_sha256$1000000$AXjK4i7UkKAM7YzAo9NSD5$3X5AiGLlRTrv4DB3LMCcr1+po5ZdRBR6STFiwG7YtuQ=	\N	f	choochoonenses	Choochoo	Nenses	choochoonenses@mail.com	f	t	2025-05-31 16:32:19.085087+00	patient	16		\N	3	personal	t	\N	\N	trial	basic	\N	\N	f	\N
63	pbkdf2_sha256$1000000$0RsTHoGaPbRnQfWzwjIElt$EzGiuaTl18sKz8Vp1Tl1pwtLW3V6aX7vtKL+ETXy1F8=	\N	f	testuser_enterprise_nopm	Test	Enterprise	testuser_enterprise_nopm@example.com	f	t	2025-06-06 18:41:47.024319+00	none	\N		\N	15	group	t	cus_SRzBNgPLiVjkG6	sub_1RX5D8Ffk7zi0PnMUXcoXVEj	trial	Group	2025-06-13 18:41:49.400279+00	2025-06-06 18:41:49.400279+00	f	\N
80	pbkdf2_sha256$600000$fxtog4ypFK375r1sYSDcXy$NK35u2JQktZQsDs4UspOK/TWg9vbPjOL35v6PqDdsso=	\N	f	johngarcia	John	Garcia	johngarcia@mail.com	f	t	2025-06-11 03:24:29.768265+00	patient	31		\N	4	personal	f	\N	\N	trial	basic	\N	\N	f	\N
29	pbkdf2_sha256$1000000$iNiwRDbK9yGATjhV6wfpza$p+kCSk019CUPwgtXOFLM46rFqmQKMEoKubFAlB87J4Q=	\N	f	chelseamanalo	Chelsea	Manalo	chelseamanalo@mail.com	f	t	2025-05-04 15:24:52.737298+00	patient	5	\N	\N	3	personal	t	\N	\N	trial	basic	\N	\N	f	\N
37	pbkdf2_sha256$600000$fZtqgDbr4wxGtWPLmbfkHU$vUf+kh/9xm1p+/14d5K6IM8EGpwKwoT1tQM5ayVEfII=	\N	f	daniellebishop	Danielle	Bishop	daniellebishop@mail.com	f	t	2025-05-29 15:11:40.656855+00	admin	\N	profile_pics/Camera360_2014_1_3_073806.jpg	3018806015	3	personal	t	\N	\N	trial	basic	\N	\N	f	2025-06-14 05:48:10.106875+00
22	pbkdf2_sha256$1000000$u3IPwvYHI7qfBvKoCf46U1$gmrxaggh2YR5vo+IsKMEx1TuuykJ3pLERcR7Lb1MG9o=	\N	f	lisa05	Lisa	Wright	lisa@example.com	f	t	2025-05-01 15:36:31.066979+00	patient	3	\N	\N	3	personal	t	\N	\N	trial	basic	\N	\N	f	\N
16	pbkdf2_sha256$600000$5zdn1hunlB59TG29lNlWLs$R8S11S/C96ApXtspeVmcC3BwEtu++pINjJl2yg3vBxg=	\N	f	maytan	May	Tan	maytan@mail.com	f	t	2025-05-01 13:39:04.14925+00	doctor	\N		\N	3	personal	t	\N	\N	trial	basic	\N	\N	f	2025-06-14 15:35:36.603143+00
30	pbkdf2_sha256$1000000$vm68waIdSYIMn0kyLS3g6t$zFt1AVlO8b7VsWXcZM3/Imau+WsIMg/DTkiGxvGgpsk=	\N	f	johnbelushi	John	Belushi	johnbelushi@mail.com	f	t	2025-05-04 15:28:19.432678+00	patient	3		\N	3	personal	t	\N	\N	trial	basic	\N	\N	f	\N
31	pbkdf2_sha256$1000000$oxo0UI0FE3R8tbe9kWjRXc$EkE5rAhRnUYwUdHIQYdUY216ehGl8Meq2SxIWH3auxc=	\N	f	cps197198	Charlina	Salvacion	cps197198@outlook.com	f	t	2025-05-08 03:13:55.964647+00	doctor	\N	profile_pics/Camera360_2013_12_19_115121.jpg	3018806015	4	personal	t	\N	\N	trial	basic	\N	\N	f	\N
34	pbkdf2_sha256$1000000$4iZgDZpBWN6ibnZEkId4r3$wMmodRCTlTMIOTEQ7b9KdxbOyBrP51XbvcLk2f9qNg0=	\N	f	charitylaboress	Charitys	Laboress	charitylaboress@mail.com	f	t	2025-05-08 21:04:27.139755+00	patient	31		\N	4	personal	t	\N	\N	trial	basic	\N	\N	f	\N
61	pbkdf2_sha256$1000000$EtyTh9wSv6GRAZBXPP9pX5$jbU0AGBn5l2QtEInNMs3Mdb2hAx7QcthTpbzzmi0fk8=	\N	f	testuser_basic_nopm	Test	Basic	testuser_basic_nopm@example.com	f	t	2025-06-06 18:41:42.145003+00	none	\N		\N	13	personal	t	cus_SRzBhFnQmqYIqE	sub_1RX5D3Ffk7zi0PnMos3KYsDs	trial	Personal	2025-06-13 18:41:44.430828+00	2025-06-06 18:41:44.430828+00	f	\N
35	pbkdf2_sha256$1000000$x72ZCHg2ILdaFhcjm6JvkX$zQ/5hxklXu4A/6FNsprJiA06CHU3gstDAQ/cJ6+UDl0=	\N	f	charitylaboresss	Charityss	Laboresss	charitylaboresss@mail.com	f	t	2025-05-08 21:10:38.40541+00	patient	31		\N	4	personal	t	\N	\N	trial	basic	\N	\N	f	\N
36	pbkdf2_sha256$1000000$hVGhKqO2xrrHzwHMbXIc5s$r7QimXsvyRdI/L4jzsJO/bbqRVsYBqkbYvNE5fCYkm8=	\N	f	chanticesummers	Chantice	Summers	chanticesummers@mail.com	f	t	2025-05-24 19:24:14.653063+00	patient	31	profile_pics/2023-08-16_07_05_57.png	\N	4	personal	t	\N	\N	trial	basic	\N	\N	f	\N
38	pbkdf2_sha256$1000000$mpPgnauy0k9pekuNtsYzP5$klNKI7I2wjsRDvOlegWcSVYQb71mS9JAe8dPvVLat7I=	\N	f	rosegranger	Rose	Granger	rosegranger@mail.com	f	t	2025-05-29 23:28:50.847963+00	patient	31		\N	4	personal	t	\N	\N	trial	basic	\N	\N	f	\N
39	pbkdf2_sha256$1000000$krN8daL7KhqnzLlcUlqxNB$ObcTfpR2U/3YbyhjtMpEHVsQ+j/pKZPc0y6b9wfydRk=	\N	f	jsswp199427	Dennis	Salvacion	jsswp199427@gmail.com	f	t	2025-05-30 22:33:36.092005+00	admin	\N	profile_pics/zypouov5_CuVKUcv.png	\N	4	personal	t	\N	\N	trial	basic	\N	\N	f	\N
40	pbkdf2_sha256$1000000$lXathwP3A2kb7r5ZC7NbUD$kmAOtOWAaperfJmgAAnNIULNiDGrZseeOcQ0P1AaHJs=	\N	f	billyboy	Billy	Boy	billyboy@mail.com	f	t	2025-05-31 15:10:02.621729+00	patient	31		\N	4	personal	t	\N	\N	trial	basic	\N	\N	f	\N
41	pbkdf2_sha256$1000000$DvbahzoI64SGyld3ZuR6D4$3G4w2uhV4RLtEIHKprySivRCl6yKYXSW8C+GeUrz92M=	\N	f	billyidol	Billy	Idol	billyidol@mail.com	f	t	2025-05-31 15:20:15.871293+00	patient	5		\N	3	personal	t	\N	\N	trial	basic	\N	\N	f	\N
45	pbkdf2_sha256$1000000$XsGe32LBUJLU0RUZqmjBnJ$7vhj3GVopOQlu8revAOPgY22z1RbD38GZXn9boqtdVU=	\N	f	testtest	Test	Test	testtest@mail.com	f	t	2025-05-31 16:23:34.140409+00	patient	16		\N	3	personal	t	\N	\N	trial	basic	\N	\N	f	\N
53	pbkdf2_sha256$1000000$lj5t2oTorj3BL8S0pKUxK4$Brzn2UMK+gF2hnUZj5mf6CHq/cCYv8mZagcgJmxSew4=	\N	f	raymondperez	Raymond	Perez	raymondperez@mail.com	f	t	2025-06-06 17:06:00.044132+00	none	\N		3018806015	10	personal	t	\N	\N	trial	basic	\N	\N	f	\N
57	pbkdf2_sha256$1000000$ROhF9vvezQYFrlDvYeLInw$tzOtSdjfKyKT878rN+hAlSkL6KWaBETpoFkaaU14eA4=	\N	f	cynthiaarevo	Cynthia	Arevo	cynthiaarevo@mail.com	f	t	2025-06-06 18:31:35.320275+00	none	\N		\N	12	personal	t	cus_SRz1cdtglIuaYO	sub_1RX53HFfk7zi0PnMEiOeEjeQ	trial	Clinic	2025-06-13 18:31:37.897658+00	2025-06-06 18:31:37.897658+00	f	\N
26	pbkdf2_sha256$1000000$eTq6qOo3MbVix5WTCozXqJ$rdXAiMOjMz+p3gFiyzWXDzsF8k5FjkYD4/3R0hX3/2c=	\N	f	jake12	Jake	Reed	jake@example.com	f	t	2025-05-01 15:38:17.422511+00	patient	16	\N	\N	3	personal	t	\N	\N	trial	basic	\N	\N	f	\N
27	pbkdf2_sha256$1000000$H3txA9o5qYRcywORHK8MJ1$qwuAdhJV7a65SD4lJHpd4o41RExpOUa0ffu9ZufhIWQ=	\N	f	tina13	Tina	Nguyen	tina@example.com	f	t	2025-05-01 15:38:17.940957+00	patient	16	\N	\N	3	personal	t	\N	\N	trial	basic	\N	\N	f	\N
7	pbkdf2_sha256$1000000$4jwwCRZasCacZlU4wGAmPW$zIQ3qiB9DNvpLRkfPT3QkV83zCE5LSwy1UEAEltg+nU=	\N	f	bob456	Bob	Smith	bob@example.com	f	t	2025-05-01 03:00:39.321778+00	patient	16	\N	\N	3	personal	t	\N	\N	trial	basic	\N	\N	f	\N
33	pbkdf2_sha256$1000000$Ro1Tku1tFucrdSak1cV7P8$kEDxTzXCQ59e7qbaAHPCajA4/LxXtxSmHhyhCZrwsH8=	\N	f	charitylabores	Charity	Labores	jsswp199427@gmail.com	f	t	2025-05-08 21:03:20.185564+00	patient	31		\N	4	personal	t	\N	\N	trial	basic	\N	\N	f	\N
66		\N	f	dailytest	Daily	Test	dailytest@example.com	f	t	2025-06-07 13:23:52.947647+00	patient	\N		\N	\N	personal	f	\N	\N	trial	basic	\N	\N	f	\N
12	pbkdf2_sha256$600000$ELpViAo2F69jmgDG661hzi$ZGmLBNYI6XnsZKso/06LuryERy6y03HJ4IV1c+eDBCU=	\N	f	jorgesmarquez	Jorges	Marquez	jorgesmarquez@mail.com	f	t	2025-05-01 03:51:38.162885+00	patient	5		\N	3	personal	t	\N	\N	trial	basic	\N	\N	f	\N
2	pbkdf2_sha256$600000$3a8ziPZaCvsbgk0zYen16G$RNL4zZhnYQEu62xXZNDM6e0Yw6YR9oNkRnseUwl7k4Y=	\N	f	chrisbrown	Chris	Brown	Chris.Brown@mail.com	f	t	2025-05-01 00:55:35.239415+00	patient	16	\N	\N	3	personal	t	\N	\N	trial	basic	\N	\N	f	\N
10	pbkdf2_sha256$1000000$8AEbvEIRqyJ7qaGXyM3vcK$boyVkFINv4RSKzEgoqQ2Bdc8fccBw/MT+QYg8TXPwhQ=	\N	f	michaelbuble	Michael	Buble	michael.buble@mail.com	f	t	2025-05-01 03:07:23.788392+00	patient	16	\N	\N	3	personal	t	\N	\N	trial	basic	\N	\N	f	\N
25	pbkdf2_sha256$1000000$LfMNHgxjIohXJfaqhwtRih$5/19c1hTCTBNF2PHgdDMI6XnRAED5TrNm5qskSsQE1M=	\N	f	kate11	Kate	Foster	kate@example.com	f	t	2025-05-01 15:38:16.936388+00	patient	16		\N	3	personal	t	\N	\N	trial	basic	\N	\N	f	\N
21	pbkdf2_sha256$1000000$4hgmhUbdx9RlPO1R58uAsw$KWrJKtYJYXRRpf2AzNSZMoiFtQ9yfhzRrnf1viW0uv8=	\N	f	david04	David	Miller	david@example.com	f	t	2025-05-01 15:36:25.394022+00	patient	3		\N	3	personal	t	\N	\N	trial	basic	\N	\N	f	\N
9	pbkdf2_sha256$1000000$lMabzEOSIY4EZMe6dLU4e2$SQJWDtV8ZeX8sL4fxta2F5HAdIkRrFcqtMZSLOzZEUc=	\N	f	mike02	Mike	Anderson	jsswp2004@outlook.com	f	t	2025-05-01 03:04:10.364107+00	patient	3		\N	3	personal	t	\N	\N	trial	basic	\N	\N	f	\N
8	pbkdf2_sha256$1000000$edInPe4EN54aGRsfZDQXyF$ajztbm3HhbBotmO3Mrmw4AR1HiYOU9uKa8XzyF/J4Yc=	\N	f	alice01	Alice	Johnson	alice@example.com	f	t	2025-05-01 03:04:09.904714+00	patient	3		\N	3	personal	t	\N	\N	trial	basic	\N	\N	f	\N
4	pbkdf2_sha256$1000000$CdmqdR2r5Mj2mcG43Zu40u$pq1PJ3RQNKjM3DOC+rat9C00SkybiCzmZw8c8oEKnqo=	\N	f	mariaesteban	Maria	Esteban	Maria.Esteban@mail.com	f	t	2025-05-01 02:32:57.171224+00	patient	3		\N	3	personal	t	\N	\N	trial	basic	\N	\N	f	\N
23	pbkdf2_sha256$1000000$JcgHOO4GGzdS4u29MSHG3w$VzJ50knqdq1po+gvtbMQK8Az/z1KXIpuNXGnnDkV7sU=	\N	f	nina09	Nina	Lopez	nina@example.com	f	t	2025-05-01 15:38:15.893396+00	patient	16		\N	3	personal	t	\N	\N	trial	basic	\N	\N	f	\N
69	pbkdf2_sha256$600000$qt50WYvenTizWUiHw41FHo$GbSTQM5RPMpyC7lCPS16fpS/mLj45I32827yvEGCHig=	\N	f	test_patient	Test	Patient	test_patient@example.com	f	t	2025-06-11 01:14:49.984323+00	patient	\N		\N	20	personal	f	\N	\N	trial	basic	\N	\N	f	\N
78	pbkdf2_sha256$600000$kPiK1pPxyFPG7cF8ULJtQO$kn9QQF60QsBhMn82JgRWjn3l6M1G2WVw96LssRBp5/g=	\N	f	test_patient_display	Display	Test	test_display@example.com	f	t	2025-06-11 01:35:28.26573+00	patient	\N		\N	2	personal	f	\N	\N	trial	basic	\N	\N	f	\N
72	pbkdf2_sha256$600000$au6JaTS98RMMpejQuyQfUY$tY+RwYcxY+u9jFGAux3ImmMzRdKr1tVsGiBAysXNNxI=	\N	f	test_patient_final	Test	Patient	test_patient_final@example.com	f	t	2025-06-11 01:22:25.558399+00	patient	\N		\N	20	personal	f	\N	\N	trial	basic	\N	\N	f	\N
\.


--
-- Data for Name: users_customuser_groups; Type: TABLE DATA; Schema: public; Owner: jsswp2004
--

COPY public.users_customuser_groups (id, customuser_id, group_id) FROM stdin;
\.


--
-- Data for Name: users_customuser_user_permissions; Type: TABLE DATA; Schema: public; Owner: jsswp2004
--

COPY public.users_customuser_user_permissions (id, customuser_id, permission_id) FROM stdin;
\.


--
-- Data for Name: users_organization; Type: TABLE DATA; Schema: public; Owner: jsswp2004
--

COPY public.users_organization (id, name, logo, created_at) FROM stdin;
2	Default Organization		2025-05-29 15:11:40.561158+00
1	POWER IT	org_logos/POWER_Scheduler_Logo_Design_Kt4KUyZ.png	2025-05-29 02:04:49.191649+00
3	SUNY Downstate	org_logos/SUNY_waSNZun.png	2025-05-29 21:51:29.829858+00
4	Desert Regional Medical Center	org_logos/DesertRegionalLogo_PCo3Oy3.png	2025-05-29 23:10:24.537499+00
10	Rancho Mirage Medical Center Ambulatory		2025-06-06 17:06:00.040595+00
12	San Pedro Clinic		2025-06-06 18:24:55.811385+00
13	Test Org Basic		2025-06-06 18:40:54.258129+00
14	Test Org Premium		2025-06-06 18:40:57.019741+00
15	Test Org Enterprise		2025-06-06 18:40:59.567169+00
16	Davao Doctors Clinic		2025-06-06 18:58:01.707882+00
17	Daily Test Org		2025-06-07 13:22:58.346103+00
18	Daily Cron Test Org		2025-06-07 13:23:52.934259+00
20	Test Clinic		2025-06-11 01:14:49.968971+00
21	Test Enrollment Org		2025-06-11 01:15:49.558426+00
22	Test Org		2025-06-11 01:16:02.219233+00
23	Test Service Org		2025-06-11 01:24:39.680819+00
\.


--
-- Data for Name: users_patient; Type: TABLE DATA; Schema: public; Owner: jsswp2004
--

COPY public.users_patient (id, date_of_birth, phone_number, address, medical_history, user_id, organization_id) FROM stdin;
7	\N	\N	\N	\N	11	\N
10	\N	\N	\N	\N	22	\N
14	\N	\N	\N	\N	26	\N
15	\N	\N	\N	\N	27	\N
17	\N	\N	\N	\N	2	\N
18	\N	\N	\N	\N	7	\N
19	\N	\N	\N	\N	10	\N
20	\N	\N	\N	\N	28	\N
21	\N	\N	\N	\N	29	\N
1	\N	3018806015			30	\N
5	1965-05-12	3018806015	test	test	9	\N
13	1958-05-14	3018806015	test	Notes sample	25	\N
4	\N	3018806015	46407 Munley Ridge Lane, Lafayette, TN, USA	Notes test	8	\N
6	\N	3018806015	4335 Chantilly Shopping Center, Chantilly, VA, USA	notes	4	\N
9	1954-10-22	3018806015	20814 Brook Mill Court, Springfield, IL, USA	Test	21	3
11	1987-12-11	3018806015	46407 Munley Ridge Lane, Lafayette, TN, USA	Notes	23	\N
16	1956-11-02	3018806015	46407 Munley Drive, Reno, NV, USA	Notes	12	3
34	\N	\N	\N	\N	34	\N
35	\N	\N	\N	\N	35	\N
30	\N	3018806015			38	4
29	\N	3018806015			36	4
31	\N	3018806015			40	4
32	\N	3018806015			41	3
37	\N	3018806015			45	3
38	\N	3018806104	336 Canal Street, New York, NY, USA		46	3
33	1979-11-15	3018806015	23415 Three Notch Road, California, MD, USA	Test	33	4
40	\N				69	\N
41	\N				72	\N
42	\N				73	\N
44	\N	(555) 123-4567			78	\N
43	\N	3018806015	336 Canal Street NY 10013	Test notes	77	3
45	\N	3018806015	456 Housteon St. NY 10013	Test for quick register edit	79	3
8	1952-11-25	3018806015	601 North Caroline Street, Baltimore, MD, USA	Notes test	20	3
12	1985-08-14	3018806015	45870 East Run Drive, Lexington Park, MD, USA	\N	24	3
46	1954-03-12	3018806015	46407 Munley Lane	Testing	80	4
\.


--
-- Data for Name: users_typingindicator; Type: TABLE DATA; Schema: public; Owner: jsswp2004
--

COPY public.users_typingindicator (id, is_typing, last_typing_time, user_id, room_id) FROM stdin;
\.


--
-- Name: appointments_appointment_id_seq; Type: SEQUENCE SET; Schema: public; Owner: jsswp2004
--

SELECT pg_catalog.setval('public.appointments_appointment_id_seq', 100, true);


--
-- Name: appointments_autoemail_id_seq; Type: SEQUENCE SET; Schema: public; Owner: jsswp2004
--

SELECT pg_catalog.setval('public.appointments_autoemail_id_seq', 10, true);


--
-- Name: appointments_availability_id_seq; Type: SEQUENCE SET; Schema: public; Owner: jsswp2004
--

SELECT pg_catalog.setval('public.appointments_availability_id_seq', 2450, true);


--
-- Name: appointments_clinicevent_id_seq; Type: SEQUENCE SET; Schema: public; Owner: jsswp2004
--

SELECT pg_catalog.setval('public.appointments_clinicevent_id_seq', 16, true);


--
-- Name: appointments_environmentsetting_id_seq; Type: SEQUENCE SET; Schema: public; Owner: jsswp2004
--

SELECT pg_catalog.setval('public.appointments_environmentsetting_id_seq', 1, false);


--
-- Name: appointments_holiday_id_seq; Type: SEQUENCE SET; Schema: public; Owner: jsswp2004
--

SELECT pg_catalog.setval('public.appointments_holiday_id_seq', 150, true);


--
-- Name: auth_group_id_seq; Type: SEQUENCE SET; Schema: public; Owner: jsswp2004
--

SELECT pg_catalog.setval('public.auth_group_id_seq', 1, false);


--
-- Name: auth_group_permissions_id_seq; Type: SEQUENCE SET; Schema: public; Owner: jsswp2004
--

SELECT pg_catalog.setval('public.auth_group_permissions_id_seq', 1, false);


--
-- Name: auth_permission_id_seq; Type: SEQUENCE SET; Schema: public; Owner: jsswp2004
--

SELECT pg_catalog.setval('public.auth_permission_id_seq', 112, true);


--
-- Name: communicator_contact_id_seq; Type: SEQUENCE SET; Schema: public; Owner: jsswp2004
--

SELECT pg_catalog.setval('public.communicator_contact_id_seq', 32, true);


--
-- Name: communicator_messagelog_id_seq; Type: SEQUENCE SET; Schema: public; Owner: jsswp2004
--

SELECT pg_catalog.setval('public.communicator_messagelog_id_seq', 12, true);


--
-- Name: django_admin_log_id_seq; Type: SEQUENCE SET; Schema: public; Owner: jsswp2004
--

SELECT pg_catalog.setval('public.django_admin_log_id_seq', 1, true);


--
-- Name: django_celery_beat_clockedschedule_id_seq; Type: SEQUENCE SET; Schema: public; Owner: jsswp2004
--

SELECT pg_catalog.setval('public.django_celery_beat_clockedschedule_id_seq', 1, false);


--
-- Name: django_celery_beat_crontabschedule_id_seq; Type: SEQUENCE SET; Schema: public; Owner: jsswp2004
--

SELECT pg_catalog.setval('public.django_celery_beat_crontabschedule_id_seq', 1, false);


--
-- Name: django_celery_beat_intervalschedule_id_seq; Type: SEQUENCE SET; Schema: public; Owner: jsswp2004
--

SELECT pg_catalog.setval('public.django_celery_beat_intervalschedule_id_seq', 1, false);


--
-- Name: django_celery_beat_periodictask_id_seq; Type: SEQUENCE SET; Schema: public; Owner: jsswp2004
--

SELECT pg_catalog.setval('public.django_celery_beat_periodictask_id_seq', 1, false);


--
-- Name: django_celery_beat_solarschedule_id_seq; Type: SEQUENCE SET; Schema: public; Owner: jsswp2004
--

SELECT pg_catalog.setval('public.django_celery_beat_solarschedule_id_seq', 1, false);


--
-- Name: django_content_type_id_seq; Type: SEQUENCE SET; Schema: public; Owner: jsswp2004
--

SELECT pg_catalog.setval('public.django_content_type_id_seq', 28, true);


--
-- Name: django_cron_cronjoblock_id_seq; Type: SEQUENCE SET; Schema: public; Owner: jsswp2004
--

SELECT pg_catalog.setval('public.django_cron_cronjoblock_id_seq', 1, false);


--
-- Name: django_cron_cronjoblog_id_seq; Type: SEQUENCE SET; Schema: public; Owner: jsswp2004
--

SELECT pg_catalog.setval('public.django_cron_cronjoblog_id_seq', 1, false);


--
-- Name: django_migrations_id_seq; Type: SEQUENCE SET; Schema: public; Owner: jsswp2004
--

SELECT pg_catalog.setval('public.django_migrations_id_seq', 88, true);


--
-- Name: django_rest_passwordreset_resetpasswordtoken_id_seq; Type: SEQUENCE SET; Schema: public; Owner: jsswp2004
--

SELECT pg_catalog.setval('public.django_rest_passwordreset_resetpasswordtoken_id_seq', 2, true);


--
-- Name: users_chatmessage_id_seq; Type: SEQUENCE SET; Schema: public; Owner: jsswp2004
--

SELECT pg_catalog.setval('public.users_chatmessage_id_seq', 45, true);


--
-- Name: users_chatroom_id_seq; Type: SEQUENCE SET; Schema: public; Owner: jsswp2004
--

SELECT pg_catalog.setval('public.users_chatroom_id_seq', 5, true);


--
-- Name: users_chatroom_participants_id_seq; Type: SEQUENCE SET; Schema: public; Owner: jsswp2004
--

SELECT pg_catalog.setval('public.users_chatroom_participants_id_seq', 10, true);


--
-- Name: users_customuser_groups_id_seq; Type: SEQUENCE SET; Schema: public; Owner: jsswp2004
--

SELECT pg_catalog.setval('public.users_customuser_groups_id_seq', 1, false);


--
-- Name: users_customuser_id_seq; Type: SEQUENCE SET; Schema: public; Owner: jsswp2004
--

SELECT pg_catalog.setval('public.users_customuser_id_seq', 80, true);


--
-- Name: users_customuser_user_permissions_id_seq; Type: SEQUENCE SET; Schema: public; Owner: jsswp2004
--

SELECT pg_catalog.setval('public.users_customuser_user_permissions_id_seq', 1, false);


--
-- Name: users_organization_id_seq; Type: SEQUENCE SET; Schema: public; Owner: jsswp2004
--

SELECT pg_catalog.setval('public.users_organization_id_seq', 23, true);


--
-- Name: users_patient_id_seq; Type: SEQUENCE SET; Schema: public; Owner: jsswp2004
--

SELECT pg_catalog.setval('public.users_patient_id_seq', 46, true);


--
-- Name: users_typingindicator_id_seq; Type: SEQUENCE SET; Schema: public; Owner: jsswp2004
--

SELECT pg_catalog.setval('public.users_typingindicator_id_seq', 1, false);


--
-- Name: appointments_appointment appointments_appointment_pkey; Type: CONSTRAINT; Schema: public; Owner: jsswp2004
--

ALTER TABLE ONLY public.appointments_appointment
    ADD CONSTRAINT appointments_appointment_pkey PRIMARY KEY (id);


--
-- Name: appointments_autoemail appointments_autoemail_pkey; Type: CONSTRAINT; Schema: public; Owner: jsswp2004
--

ALTER TABLE ONLY public.appointments_autoemail
    ADD CONSTRAINT appointments_autoemail_pkey PRIMARY KEY (id);


--
-- Name: appointments_availability appointments_availability_pkey; Type: CONSTRAINT; Schema: public; Owner: jsswp2004
--

ALTER TABLE ONLY public.appointments_availability
    ADD CONSTRAINT appointments_availability_pkey PRIMARY KEY (id);


--
-- Name: appointments_clinicevent appointments_clinicevent_name_key; Type: CONSTRAINT; Schema: public; Owner: jsswp2004
--

ALTER TABLE ONLY public.appointments_clinicevent
    ADD CONSTRAINT appointments_clinicevent_name_key UNIQUE (name);


--
-- Name: appointments_clinicevent appointments_clinicevent_pkey; Type: CONSTRAINT; Schema: public; Owner: jsswp2004
--

ALTER TABLE ONLY public.appointments_clinicevent
    ADD CONSTRAINT appointments_clinicevent_pkey PRIMARY KEY (id);


--
-- Name: appointments_environmentsetting appointments_environmentsetting_pkey; Type: CONSTRAINT; Schema: public; Owner: jsswp2004
--

ALTER TABLE ONLY public.appointments_environmentsetting
    ADD CONSTRAINT appointments_environmentsetting_pkey PRIMARY KEY (id);


--
-- Name: appointments_holiday appointments_holiday_pkey; Type: CONSTRAINT; Schema: public; Owner: jsswp2004
--

ALTER TABLE ONLY public.appointments_holiday
    ADD CONSTRAINT appointments_holiday_pkey PRIMARY KEY (id);


--
-- Name: auth_group auth_group_name_key; Type: CONSTRAINT; Schema: public; Owner: jsswp2004
--

ALTER TABLE ONLY public.auth_group
    ADD CONSTRAINT auth_group_name_key UNIQUE (name);


--
-- Name: auth_group_permissions auth_group_permissions_group_id_permission_id_0cd325b0_uniq; Type: CONSTRAINT; Schema: public; Owner: jsswp2004
--

ALTER TABLE ONLY public.auth_group_permissions
    ADD CONSTRAINT auth_group_permissions_group_id_permission_id_0cd325b0_uniq UNIQUE (group_id, permission_id);


--
-- Name: auth_group_permissions auth_group_permissions_pkey; Type: CONSTRAINT; Schema: public; Owner: jsswp2004
--

ALTER TABLE ONLY public.auth_group_permissions
    ADD CONSTRAINT auth_group_permissions_pkey PRIMARY KEY (id);


--
-- Name: auth_group auth_group_pkey; Type: CONSTRAINT; Schema: public; Owner: jsswp2004
--

ALTER TABLE ONLY public.auth_group
    ADD CONSTRAINT auth_group_pkey PRIMARY KEY (id);


--
-- Name: auth_permission auth_permission_content_type_id_codename_01ab375a_uniq; Type: CONSTRAINT; Schema: public; Owner: jsswp2004
--

ALTER TABLE ONLY public.auth_permission
    ADD CONSTRAINT auth_permission_content_type_id_codename_01ab375a_uniq UNIQUE (content_type_id, codename);


--
-- Name: auth_permission auth_permission_pkey; Type: CONSTRAINT; Schema: public; Owner: jsswp2004
--

ALTER TABLE ONLY public.auth_permission
    ADD CONSTRAINT auth_permission_pkey PRIMARY KEY (id);


--
-- Name: communicator_contact communicator_contact_pkey; Type: CONSTRAINT; Schema: public; Owner: jsswp2004
--

ALTER TABLE ONLY public.communicator_contact
    ADD CONSTRAINT communicator_contact_pkey PRIMARY KEY (id);


--
-- Name: communicator_messagelog communicator_messagelog_pkey; Type: CONSTRAINT; Schema: public; Owner: jsswp2004
--

ALTER TABLE ONLY public.communicator_messagelog
    ADD CONSTRAINT communicator_messagelog_pkey PRIMARY KEY (id);


--
-- Name: django_admin_log django_admin_log_pkey; Type: CONSTRAINT; Schema: public; Owner: jsswp2004
--

ALTER TABLE ONLY public.django_admin_log
    ADD CONSTRAINT django_admin_log_pkey PRIMARY KEY (id);


--
-- Name: django_celery_beat_clockedschedule django_celery_beat_clockedschedule_pkey; Type: CONSTRAINT; Schema: public; Owner: jsswp2004
--

ALTER TABLE ONLY public.django_celery_beat_clockedschedule
    ADD CONSTRAINT django_celery_beat_clockedschedule_pkey PRIMARY KEY (id);


--
-- Name: django_celery_beat_crontabschedule django_celery_beat_crontabschedule_pkey; Type: CONSTRAINT; Schema: public; Owner: jsswp2004
--

ALTER TABLE ONLY public.django_celery_beat_crontabschedule
    ADD CONSTRAINT django_celery_beat_crontabschedule_pkey PRIMARY KEY (id);


--
-- Name: django_celery_beat_intervalschedule django_celery_beat_intervalschedule_pkey; Type: CONSTRAINT; Schema: public; Owner: jsswp2004
--

ALTER TABLE ONLY public.django_celery_beat_intervalschedule
    ADD CONSTRAINT django_celery_beat_intervalschedule_pkey PRIMARY KEY (id);


--
-- Name: django_celery_beat_periodictask django_celery_beat_periodictask_name_key; Type: CONSTRAINT; Schema: public; Owner: jsswp2004
--

ALTER TABLE ONLY public.django_celery_beat_periodictask
    ADD CONSTRAINT django_celery_beat_periodictask_name_key UNIQUE (name);


--
-- Name: django_celery_beat_periodictask django_celery_beat_periodictask_pkey; Type: CONSTRAINT; Schema: public; Owner: jsswp2004
--

ALTER TABLE ONLY public.django_celery_beat_periodictask
    ADD CONSTRAINT django_celery_beat_periodictask_pkey PRIMARY KEY (id);


--
-- Name: django_celery_beat_periodictasks django_celery_beat_periodictasks_pkey; Type: CONSTRAINT; Schema: public; Owner: jsswp2004
--

ALTER TABLE ONLY public.django_celery_beat_periodictasks
    ADD CONSTRAINT django_celery_beat_periodictasks_pkey PRIMARY KEY (ident);


--
-- Name: django_celery_beat_solarschedule django_celery_beat_solar_event_latitude_longitude_ba64999a_uniq; Type: CONSTRAINT; Schema: public; Owner: jsswp2004
--

ALTER TABLE ONLY public.django_celery_beat_solarschedule
    ADD CONSTRAINT django_celery_beat_solar_event_latitude_longitude_ba64999a_uniq UNIQUE (event, latitude, longitude);


--
-- Name: django_celery_beat_solarschedule django_celery_beat_solarschedule_pkey; Type: CONSTRAINT; Schema: public; Owner: jsswp2004
--

ALTER TABLE ONLY public.django_celery_beat_solarschedule
    ADD CONSTRAINT django_celery_beat_solarschedule_pkey PRIMARY KEY (id);


--
-- Name: django_content_type django_content_type_app_label_model_76bd3d3b_uniq; Type: CONSTRAINT; Schema: public; Owner: jsswp2004
--

ALTER TABLE ONLY public.django_content_type
    ADD CONSTRAINT django_content_type_app_label_model_76bd3d3b_uniq UNIQUE (app_label, model);


--
-- Name: django_content_type django_content_type_pkey; Type: CONSTRAINT; Schema: public; Owner: jsswp2004
--

ALTER TABLE ONLY public.django_content_type
    ADD CONSTRAINT django_content_type_pkey PRIMARY KEY (id);


--
-- Name: django_cron_cronjoblock django_cron_cronjoblock_job_name_key; Type: CONSTRAINT; Schema: public; Owner: jsswp2004
--

ALTER TABLE ONLY public.django_cron_cronjoblock
    ADD CONSTRAINT django_cron_cronjoblock_job_name_key UNIQUE (job_name);


--
-- Name: django_cron_cronjoblock django_cron_cronjoblock_pkey; Type: CONSTRAINT; Schema: public; Owner: jsswp2004
--

ALTER TABLE ONLY public.django_cron_cronjoblock
    ADD CONSTRAINT django_cron_cronjoblock_pkey PRIMARY KEY (id);


--
-- Name: django_cron_cronjoblog django_cron_cronjoblog_pkey; Type: CONSTRAINT; Schema: public; Owner: jsswp2004
--

ALTER TABLE ONLY public.django_cron_cronjoblog
    ADD CONSTRAINT django_cron_cronjoblog_pkey PRIMARY KEY (id);


--
-- Name: django_migrations django_migrations_pkey; Type: CONSTRAINT; Schema: public; Owner: jsswp2004
--

ALTER TABLE ONLY public.django_migrations
    ADD CONSTRAINT django_migrations_pkey PRIMARY KEY (id);


--
-- Name: django_rest_passwordreset_resetpasswordtoken django_rest_passwordreset_resetpasswordtoken_key_f1b65873_uniq; Type: CONSTRAINT; Schema: public; Owner: jsswp2004
--

ALTER TABLE ONLY public.django_rest_passwordreset_resetpasswordtoken
    ADD CONSTRAINT django_rest_passwordreset_resetpasswordtoken_key_f1b65873_uniq UNIQUE (key);


--
-- Name: django_rest_passwordreset_resetpasswordtoken django_rest_passwordreset_resetpasswordtoken_pkey; Type: CONSTRAINT; Schema: public; Owner: jsswp2004
--

ALTER TABLE ONLY public.django_rest_passwordreset_resetpasswordtoken
    ADD CONSTRAINT django_rest_passwordreset_resetpasswordtoken_pkey PRIMARY KEY (id);


--
-- Name: django_session django_session_pkey; Type: CONSTRAINT; Schema: public; Owner: jsswp2004
--

ALTER TABLE ONLY public.django_session
    ADD CONSTRAINT django_session_pkey PRIMARY KEY (session_key);


--
-- Name: appointments_holiday unique_holiday; Type: CONSTRAINT; Schema: public; Owner: jsswp2004
--

ALTER TABLE ONLY public.appointments_holiday
    ADD CONSTRAINT unique_holiday UNIQUE (name, date);


--
-- Name: users_chatmessage users_chatmessage_pkey; Type: CONSTRAINT; Schema: public; Owner: jsswp2004
--

ALTER TABLE ONLY public.users_chatmessage
    ADD CONSTRAINT users_chatmessage_pkey PRIMARY KEY (id);


--
-- Name: users_chatroom_participants users_chatroom_participa_chatroom_id_customuser_i_370b91ca_uniq; Type: CONSTRAINT; Schema: public; Owner: jsswp2004
--

ALTER TABLE ONLY public.users_chatroom_participants
    ADD CONSTRAINT users_chatroom_participa_chatroom_id_customuser_i_370b91ca_uniq UNIQUE (chatroom_id, customuser_id);


--
-- Name: users_chatroom_participants users_chatroom_participants_pkey; Type: CONSTRAINT; Schema: public; Owner: jsswp2004
--

ALTER TABLE ONLY public.users_chatroom_participants
    ADD CONSTRAINT users_chatroom_participants_pkey PRIMARY KEY (id);


--
-- Name: users_chatroom users_chatroom_pkey; Type: CONSTRAINT; Schema: public; Owner: jsswp2004
--

ALTER TABLE ONLY public.users_chatroom
    ADD CONSTRAINT users_chatroom_pkey PRIMARY KEY (id);


--
-- Name: users_customuser_groups users_customuser_groups_customuser_id_group_id_76b619e3_uniq; Type: CONSTRAINT; Schema: public; Owner: jsswp2004
--

ALTER TABLE ONLY public.users_customuser_groups
    ADD CONSTRAINT users_customuser_groups_customuser_id_group_id_76b619e3_uniq UNIQUE (customuser_id, group_id);


--
-- Name: users_customuser_groups users_customuser_groups_pkey; Type: CONSTRAINT; Schema: public; Owner: jsswp2004
--

ALTER TABLE ONLY public.users_customuser_groups
    ADD CONSTRAINT users_customuser_groups_pkey PRIMARY KEY (id);


--
-- Name: users_customuser users_customuser_pkey; Type: CONSTRAINT; Schema: public; Owner: jsswp2004
--

ALTER TABLE ONLY public.users_customuser
    ADD CONSTRAINT users_customuser_pkey PRIMARY KEY (id);


--
-- Name: users_customuser_user_permissions users_customuser_user_pe_customuser_id_permission_7a7debf6_uniq; Type: CONSTRAINT; Schema: public; Owner: jsswp2004
--

ALTER TABLE ONLY public.users_customuser_user_permissions
    ADD CONSTRAINT users_customuser_user_pe_customuser_id_permission_7a7debf6_uniq UNIQUE (customuser_id, permission_id);


--
-- Name: users_customuser_user_permissions users_customuser_user_permissions_pkey; Type: CONSTRAINT; Schema: public; Owner: jsswp2004
--

ALTER TABLE ONLY public.users_customuser_user_permissions
    ADD CONSTRAINT users_customuser_user_permissions_pkey PRIMARY KEY (id);


--
-- Name: users_customuser users_customuser_username_key; Type: CONSTRAINT; Schema: public; Owner: jsswp2004
--

ALTER TABLE ONLY public.users_customuser
    ADD CONSTRAINT users_customuser_username_key UNIQUE (username);


--
-- Name: users_organization users_organization_pkey; Type: CONSTRAINT; Schema: public; Owner: jsswp2004
--

ALTER TABLE ONLY public.users_organization
    ADD CONSTRAINT users_organization_pkey PRIMARY KEY (id);


--
-- Name: users_patient users_patient_pkey; Type: CONSTRAINT; Schema: public; Owner: jsswp2004
--

ALTER TABLE ONLY public.users_patient
    ADD CONSTRAINT users_patient_pkey PRIMARY KEY (id);


--
-- Name: users_patient users_patient_user_id_key; Type: CONSTRAINT; Schema: public; Owner: jsswp2004
--

ALTER TABLE ONLY public.users_patient
    ADD CONSTRAINT users_patient_user_id_key UNIQUE (user_id);


--
-- Name: users_typingindicator users_typingindicator_pkey; Type: CONSTRAINT; Schema: public; Owner: jsswp2004
--

ALTER TABLE ONLY public.users_typingindicator
    ADD CONSTRAINT users_typingindicator_pkey PRIMARY KEY (id);


--
-- Name: users_typingindicator users_typingindicator_user_id_room_id_533d5daf_uniq; Type: CONSTRAINT; Schema: public; Owner: jsswp2004
--

ALTER TABLE ONLY public.users_typingindicator
    ADD CONSTRAINT users_typingindicator_user_id_room_id_533d5daf_uniq UNIQUE (user_id, room_id);


--
-- Name: appointments_appointment_organization_id_6a52787b; Type: INDEX; Schema: public; Owner: jsswp2004
--

CREATE INDEX appointments_appointment_organization_id_6a52787b ON public.appointments_appointment USING btree (organization_id);


--
-- Name: appointments_appointment_patient_id_631d13da; Type: INDEX; Schema: public; Owner: jsswp2004
--

CREATE INDEX appointments_appointment_patient_id_631d13da ON public.appointments_appointment USING btree (patient_id);


--
-- Name: appointments_appointment_provider_id_301e66b6; Type: INDEX; Schema: public; Owner: jsswp2004
--

CREATE INDEX appointments_appointment_provider_id_301e66b6 ON public.appointments_appointment USING btree (provider_id);


--
-- Name: appointments_autoemail_organization_id_cd3e2cc9; Type: INDEX; Schema: public; Owner: jsswp2004
--

CREATE INDEX appointments_autoemail_organization_id_cd3e2cc9 ON public.appointments_autoemail USING btree (organization_id);


--
-- Name: appointments_availability_doctor_id_91d8cc63; Type: INDEX; Schema: public; Owner: jsswp2004
--

CREATE INDEX appointments_availability_doctor_id_91d8cc63 ON public.appointments_availability USING btree (doctor_id);


--
-- Name: appointments_availability_organization_id_99a27dd9; Type: INDEX; Schema: public; Owner: jsswp2004
--

CREATE INDEX appointments_availability_organization_id_99a27dd9 ON public.appointments_availability USING btree (organization_id);


--
-- Name: appointments_clinicevent_name_52e9d447_like; Type: INDEX; Schema: public; Owner: jsswp2004
--

CREATE INDEX appointments_clinicevent_name_52e9d447_like ON public.appointments_clinicevent USING btree (name varchar_pattern_ops);


--
-- Name: auth_group_name_a6ea08ec_like; Type: INDEX; Schema: public; Owner: jsswp2004
--

CREATE INDEX auth_group_name_a6ea08ec_like ON public.auth_group USING btree (name varchar_pattern_ops);


--
-- Name: auth_group_permissions_group_id_b120cbf9; Type: INDEX; Schema: public; Owner: jsswp2004
--

CREATE INDEX auth_group_permissions_group_id_b120cbf9 ON public.auth_group_permissions USING btree (group_id);


--
-- Name: auth_group_permissions_permission_id_84c5c92e; Type: INDEX; Schema: public; Owner: jsswp2004
--

CREATE INDEX auth_group_permissions_permission_id_84c5c92e ON public.auth_group_permissions USING btree (permission_id);


--
-- Name: auth_permission_content_type_id_2f476e4b; Type: INDEX; Schema: public; Owner: jsswp2004
--

CREATE INDEX auth_permission_content_type_id_2f476e4b ON public.auth_permission USING btree (content_type_id);


--
-- Name: communicator_contact_uploaded_by_id_f2a5835b; Type: INDEX; Schema: public; Owner: jsswp2004
--

CREATE INDEX communicator_contact_uploaded_by_id_f2a5835b ON public.communicator_contact USING btree (uploaded_by_id);


--
-- Name: communicator_messagelog_user_id_0f867060; Type: INDEX; Schema: public; Owner: jsswp2004
--

CREATE INDEX communicator_messagelog_user_id_0f867060 ON public.communicator_messagelog USING btree (user_id);


--
-- Name: django_admin_log_content_type_id_c4bce8eb; Type: INDEX; Schema: public; Owner: jsswp2004
--

CREATE INDEX django_admin_log_content_type_id_c4bce8eb ON public.django_admin_log USING btree (content_type_id);


--
-- Name: django_admin_log_user_id_c564eba6; Type: INDEX; Schema: public; Owner: jsswp2004
--

CREATE INDEX django_admin_log_user_id_c564eba6 ON public.django_admin_log USING btree (user_id);


--
-- Name: django_celery_beat_periodictask_clocked_id_47a69f82; Type: INDEX; Schema: public; Owner: jsswp2004
--

CREATE INDEX django_celery_beat_periodictask_clocked_id_47a69f82 ON public.django_celery_beat_periodictask USING btree (clocked_id);


--
-- Name: django_celery_beat_periodictask_crontab_id_d3cba168; Type: INDEX; Schema: public; Owner: jsswp2004
--

CREATE INDEX django_celery_beat_periodictask_crontab_id_d3cba168 ON public.django_celery_beat_periodictask USING btree (crontab_id);


--
-- Name: django_celery_beat_periodictask_interval_id_a8ca27da; Type: INDEX; Schema: public; Owner: jsswp2004
--

CREATE INDEX django_celery_beat_periodictask_interval_id_a8ca27da ON public.django_celery_beat_periodictask USING btree (interval_id);


--
-- Name: django_celery_beat_periodictask_name_265a36b7_like; Type: INDEX; Schema: public; Owner: jsswp2004
--

CREATE INDEX django_celery_beat_periodictask_name_265a36b7_like ON public.django_celery_beat_periodictask USING btree (name varchar_pattern_ops);


--
-- Name: django_celery_beat_periodictask_solar_id_a87ce72c; Type: INDEX; Schema: public; Owner: jsswp2004
--

CREATE INDEX django_celery_beat_periodictask_solar_id_a87ce72c ON public.django_celery_beat_periodictask USING btree (solar_id);


--
-- Name: django_cron_cronjoblock_job_name_fb6ce879_like; Type: INDEX; Schema: public; Owner: jsswp2004
--

CREATE INDEX django_cron_cronjoblock_job_name_fb6ce879_like ON public.django_cron_cronjoblock USING btree (job_name varchar_pattern_ops);


--
-- Name: django_cron_cronjoblog_code_48865653; Type: INDEX; Schema: public; Owner: jsswp2004
--

CREATE INDEX django_cron_cronjoblog_code_48865653 ON public.django_cron_cronjoblog USING btree (code);


--
-- Name: django_cron_cronjoblog_code_48865653_like; Type: INDEX; Schema: public; Owner: jsswp2004
--

CREATE INDEX django_cron_cronjoblog_code_48865653_like ON public.django_cron_cronjoblog USING btree (code varchar_pattern_ops);


--
-- Name: django_cron_cronjoblog_code_is_success_ran_at_time_84da9606_idx; Type: INDEX; Schema: public; Owner: jsswp2004
--

CREATE INDEX django_cron_cronjoblog_code_is_success_ran_at_time_84da9606_idx ON public.django_cron_cronjoblog USING btree (code, is_success, ran_at_time);


--
-- Name: django_cron_cronjoblog_code_start_time_4fc78f9d_idx; Type: INDEX; Schema: public; Owner: jsswp2004
--

CREATE INDEX django_cron_cronjoblog_code_start_time_4fc78f9d_idx ON public.django_cron_cronjoblog USING btree (code, start_time);


--
-- Name: django_cron_cronjoblog_code_start_time_ran_at_time_8b50b8fa_idx; Type: INDEX; Schema: public; Owner: jsswp2004
--

CREATE INDEX django_cron_cronjoblog_code_start_time_ran_at_time_8b50b8fa_idx ON public.django_cron_cronjoblog USING btree (code, start_time, ran_at_time);


--
-- Name: django_cron_cronjoblog_end_time_7918602a; Type: INDEX; Schema: public; Owner: jsswp2004
--

CREATE INDEX django_cron_cronjoblog_end_time_7918602a ON public.django_cron_cronjoblog USING btree (end_time);


--
-- Name: django_cron_cronjoblog_ran_at_time_7fed2751; Type: INDEX; Schema: public; Owner: jsswp2004
--

CREATE INDEX django_cron_cronjoblog_ran_at_time_7fed2751 ON public.django_cron_cronjoblog USING btree (ran_at_time);


--
-- Name: django_cron_cronjoblog_start_time_d68c0dd9; Type: INDEX; Schema: public; Owner: jsswp2004
--

CREATE INDEX django_cron_cronjoblog_start_time_d68c0dd9 ON public.django_cron_cronjoblog USING btree (start_time);


--
-- Name: django_rest_passwordreset_resetpasswordtoken_key_f1b65873_like; Type: INDEX; Schema: public; Owner: jsswp2004
--

CREATE INDEX django_rest_passwordreset_resetpasswordtoken_key_f1b65873_like ON public.django_rest_passwordreset_resetpasswordtoken USING btree (key varchar_pattern_ops);


--
-- Name: django_rest_passwordreset_resetpasswordtoken_user_id_e8015b11; Type: INDEX; Schema: public; Owner: jsswp2004
--

CREATE INDEX django_rest_passwordreset_resetpasswordtoken_user_id_e8015b11 ON public.django_rest_passwordreset_resetpasswordtoken USING btree (user_id);


--
-- Name: django_session_expire_date_a5c62663; Type: INDEX; Schema: public; Owner: jsswp2004
--

CREATE INDEX django_session_expire_date_a5c62663 ON public.django_session USING btree (expire_date);


--
-- Name: django_session_session_key_c0390e0f_like; Type: INDEX; Schema: public; Owner: jsswp2004
--

CREATE INDEX django_session_session_key_c0390e0f_like ON public.django_session USING btree (session_key varchar_pattern_ops);


--
-- Name: users_chatmessage_recipient_id_4ed7fcfc; Type: INDEX; Schema: public; Owner: jsswp2004
--

CREATE INDEX users_chatmessage_recipient_id_4ed7fcfc ON public.users_chatmessage USING btree (recipient_id);


--
-- Name: users_chatmessage_room_id_0296ac6f; Type: INDEX; Schema: public; Owner: jsswp2004
--

CREATE INDEX users_chatmessage_room_id_0296ac6f ON public.users_chatmessage USING btree (room_id);


--
-- Name: users_chatmessage_sender_id_07628830; Type: INDEX; Schema: public; Owner: jsswp2004
--

CREATE INDEX users_chatmessage_sender_id_07628830 ON public.users_chatmessage USING btree (sender_id);


--
-- Name: users_chatroom_participants_chatroom_id_cfe7e127; Type: INDEX; Schema: public; Owner: jsswp2004
--

CREATE INDEX users_chatroom_participants_chatroom_id_cfe7e127 ON public.users_chatroom_participants USING btree (chatroom_id);


--
-- Name: users_chatroom_participants_customuser_id_ca50a5ae; Type: INDEX; Schema: public; Owner: jsswp2004
--

CREATE INDEX users_chatroom_participants_customuser_id_ca50a5ae ON public.users_chatroom_participants USING btree (customuser_id);


--
-- Name: users_customuser_groups_customuser_id_958147bf; Type: INDEX; Schema: public; Owner: jsswp2004
--

CREATE INDEX users_customuser_groups_customuser_id_958147bf ON public.users_customuser_groups USING btree (customuser_id);


--
-- Name: users_customuser_groups_group_id_01390b14; Type: INDEX; Schema: public; Owner: jsswp2004
--

CREATE INDEX users_customuser_groups_group_id_01390b14 ON public.users_customuser_groups USING btree (group_id);


--
-- Name: users_customuser_organization_id_e9d85824; Type: INDEX; Schema: public; Owner: jsswp2004
--

CREATE INDEX users_customuser_organization_id_e9d85824 ON public.users_customuser USING btree (organization_id);


--
-- Name: users_customuser_provider_id_de6c8304; Type: INDEX; Schema: public; Owner: jsswp2004
--

CREATE INDEX users_customuser_provider_id_de6c8304 ON public.users_customuser USING btree (provider_id);


--
-- Name: users_customuser_user_permissions_customuser_id_5771478b; Type: INDEX; Schema: public; Owner: jsswp2004
--

CREATE INDEX users_customuser_user_permissions_customuser_id_5771478b ON public.users_customuser_user_permissions USING btree (customuser_id);


--
-- Name: users_customuser_user_permissions_permission_id_baaa2f74; Type: INDEX; Schema: public; Owner: jsswp2004
--

CREATE INDEX users_customuser_user_permissions_permission_id_baaa2f74 ON public.users_customuser_user_permissions USING btree (permission_id);


--
-- Name: users_customuser_username_80452fdf_like; Type: INDEX; Schema: public; Owner: jsswp2004
--

CREATE INDEX users_customuser_username_80452fdf_like ON public.users_customuser USING btree (username varchar_pattern_ops);


--
-- Name: users_patient_organization_id_ac5c2644; Type: INDEX; Schema: public; Owner: jsswp2004
--

CREATE INDEX users_patient_organization_id_ac5c2644 ON public.users_patient USING btree (organization_id);


--
-- Name: users_typingindicator_room_id_703d276c; Type: INDEX; Schema: public; Owner: jsswp2004
--

CREATE INDEX users_typingindicator_room_id_703d276c ON public.users_typingindicator USING btree (room_id);


--
-- Name: users_typingindicator_user_id_21171280; Type: INDEX; Schema: public; Owner: jsswp2004
--

CREATE INDEX users_typingindicator_user_id_21171280 ON public.users_typingindicator USING btree (user_id);


--
-- Name: appointments_appointment appointments_appoint_organization_id_6a52787b_fk_users_org; Type: FK CONSTRAINT; Schema: public; Owner: jsswp2004
--

ALTER TABLE ONLY public.appointments_appointment
    ADD CONSTRAINT appointments_appoint_organization_id_6a52787b_fk_users_org FOREIGN KEY (organization_id) REFERENCES public.users_organization(id) DEFERRABLE INITIALLY DEFERRED;


--
-- Name: appointments_appointment appointments_appoint_patient_id_631d13da_fk_users_cus; Type: FK CONSTRAINT; Schema: public; Owner: jsswp2004
--

ALTER TABLE ONLY public.appointments_appointment
    ADD CONSTRAINT appointments_appoint_patient_id_631d13da_fk_users_cus FOREIGN KEY (patient_id) REFERENCES public.users_customuser(id) DEFERRABLE INITIALLY DEFERRED;


--
-- Name: appointments_appointment appointments_appoint_provider_id_301e66b6_fk_users_cus; Type: FK CONSTRAINT; Schema: public; Owner: jsswp2004
--

ALTER TABLE ONLY public.appointments_appointment
    ADD CONSTRAINT appointments_appoint_provider_id_301e66b6_fk_users_cus FOREIGN KEY (provider_id) REFERENCES public.users_customuser(id) DEFERRABLE INITIALLY DEFERRED;


--
-- Name: appointments_autoemail appointments_autoema_organization_id_cd3e2cc9_fk_users_org; Type: FK CONSTRAINT; Schema: public; Owner: jsswp2004
--

ALTER TABLE ONLY public.appointments_autoemail
    ADD CONSTRAINT appointments_autoema_organization_id_cd3e2cc9_fk_users_org FOREIGN KEY (organization_id) REFERENCES public.users_organization(id) DEFERRABLE INITIALLY DEFERRED;


--
-- Name: appointments_availability appointments_availab_doctor_id_91d8cc63_fk_users_cus; Type: FK CONSTRAINT; Schema: public; Owner: jsswp2004
--

ALTER TABLE ONLY public.appointments_availability
    ADD CONSTRAINT appointments_availab_doctor_id_91d8cc63_fk_users_cus FOREIGN KEY (doctor_id) REFERENCES public.users_customuser(id) DEFERRABLE INITIALLY DEFERRED;


--
-- Name: appointments_availability appointments_availab_organization_id_99a27dd9_fk_users_org; Type: FK CONSTRAINT; Schema: public; Owner: jsswp2004
--

ALTER TABLE ONLY public.appointments_availability
    ADD CONSTRAINT appointments_availab_organization_id_99a27dd9_fk_users_org FOREIGN KEY (organization_id) REFERENCES public.users_organization(id) DEFERRABLE INITIALLY DEFERRED;


--
-- Name: auth_group_permissions auth_group_permissio_permission_id_84c5c92e_fk_auth_perm; Type: FK CONSTRAINT; Schema: public; Owner: jsswp2004
--

ALTER TABLE ONLY public.auth_group_permissions
    ADD CONSTRAINT auth_group_permissio_permission_id_84c5c92e_fk_auth_perm FOREIGN KEY (permission_id) REFERENCES public.auth_permission(id) DEFERRABLE INITIALLY DEFERRED;


--
-- Name: auth_group_permissions auth_group_permissions_group_id_b120cbf9_fk_auth_group_id; Type: FK CONSTRAINT; Schema: public; Owner: jsswp2004
--

ALTER TABLE ONLY public.auth_group_permissions
    ADD CONSTRAINT auth_group_permissions_group_id_b120cbf9_fk_auth_group_id FOREIGN KEY (group_id) REFERENCES public.auth_group(id) DEFERRABLE INITIALLY DEFERRED;


--
-- Name: auth_permission auth_permission_content_type_id_2f476e4b_fk_django_co; Type: FK CONSTRAINT; Schema: public; Owner: jsswp2004
--

ALTER TABLE ONLY public.auth_permission
    ADD CONSTRAINT auth_permission_content_type_id_2f476e4b_fk_django_co FOREIGN KEY (content_type_id) REFERENCES public.django_content_type(id) DEFERRABLE INITIALLY DEFERRED;


--
-- Name: communicator_contact communicator_contact_uploaded_by_id_f2a5835b_fk_users_cus; Type: FK CONSTRAINT; Schema: public; Owner: jsswp2004
--

ALTER TABLE ONLY public.communicator_contact
    ADD CONSTRAINT communicator_contact_uploaded_by_id_f2a5835b_fk_users_cus FOREIGN KEY (uploaded_by_id) REFERENCES public.users_customuser(id) DEFERRABLE INITIALLY DEFERRED;


--
-- Name: communicator_messagelog communicator_messagelog_user_id_0f867060_fk_users_customuser_id; Type: FK CONSTRAINT; Schema: public; Owner: jsswp2004
--

ALTER TABLE ONLY public.communicator_messagelog
    ADD CONSTRAINT communicator_messagelog_user_id_0f867060_fk_users_customuser_id FOREIGN KEY (user_id) REFERENCES public.users_customuser(id) DEFERRABLE INITIALLY DEFERRED;


--
-- Name: django_admin_log django_admin_log_content_type_id_c4bce8eb_fk_django_co; Type: FK CONSTRAINT; Schema: public; Owner: jsswp2004
--

ALTER TABLE ONLY public.django_admin_log
    ADD CONSTRAINT django_admin_log_content_type_id_c4bce8eb_fk_django_co FOREIGN KEY (content_type_id) REFERENCES public.django_content_type(id) DEFERRABLE INITIALLY DEFERRED;


--
-- Name: django_admin_log django_admin_log_user_id_c564eba6_fk_users_customuser_id; Type: FK CONSTRAINT; Schema: public; Owner: jsswp2004
--

ALTER TABLE ONLY public.django_admin_log
    ADD CONSTRAINT django_admin_log_user_id_c564eba6_fk_users_customuser_id FOREIGN KEY (user_id) REFERENCES public.users_customuser(id) DEFERRABLE INITIALLY DEFERRED;


--
-- Name: django_celery_beat_periodictask django_celery_beat_p_clocked_id_47a69f82_fk_django_ce; Type: FK CONSTRAINT; Schema: public; Owner: jsswp2004
--

ALTER TABLE ONLY public.django_celery_beat_periodictask
    ADD CONSTRAINT django_celery_beat_p_clocked_id_47a69f82_fk_django_ce FOREIGN KEY (clocked_id) REFERENCES public.django_celery_beat_clockedschedule(id) DEFERRABLE INITIALLY DEFERRED;


--
-- Name: django_celery_beat_periodictask django_celery_beat_p_crontab_id_d3cba168_fk_django_ce; Type: FK CONSTRAINT; Schema: public; Owner: jsswp2004
--

ALTER TABLE ONLY public.django_celery_beat_periodictask
    ADD CONSTRAINT django_celery_beat_p_crontab_id_d3cba168_fk_django_ce FOREIGN KEY (crontab_id) REFERENCES public.django_celery_beat_crontabschedule(id) DEFERRABLE INITIALLY DEFERRED;


--
-- Name: django_celery_beat_periodictask django_celery_beat_p_interval_id_a8ca27da_fk_django_ce; Type: FK CONSTRAINT; Schema: public; Owner: jsswp2004
--

ALTER TABLE ONLY public.django_celery_beat_periodictask
    ADD CONSTRAINT django_celery_beat_p_interval_id_a8ca27da_fk_django_ce FOREIGN KEY (interval_id) REFERENCES public.django_celery_beat_intervalschedule(id) DEFERRABLE INITIALLY DEFERRED;


--
-- Name: django_celery_beat_periodictask django_celery_beat_p_solar_id_a87ce72c_fk_django_ce; Type: FK CONSTRAINT; Schema: public; Owner: jsswp2004
--

ALTER TABLE ONLY public.django_celery_beat_periodictask
    ADD CONSTRAINT django_celery_beat_p_solar_id_a87ce72c_fk_django_ce FOREIGN KEY (solar_id) REFERENCES public.django_celery_beat_solarschedule(id) DEFERRABLE INITIALLY DEFERRED;


--
-- Name: django_rest_passwordreset_resetpasswordtoken django_rest_password_user_id_e8015b11_fk_users_cus; Type: FK CONSTRAINT; Schema: public; Owner: jsswp2004
--

ALTER TABLE ONLY public.django_rest_passwordreset_resetpasswordtoken
    ADD CONSTRAINT django_rest_password_user_id_e8015b11_fk_users_cus FOREIGN KEY (user_id) REFERENCES public.users_customuser(id) DEFERRABLE INITIALLY DEFERRED;


--
-- Name: users_chatmessage users_chatmessage_recipient_id_4ed7fcfc_fk_users_customuser_id; Type: FK CONSTRAINT; Schema: public; Owner: jsswp2004
--

ALTER TABLE ONLY public.users_chatmessage
    ADD CONSTRAINT users_chatmessage_recipient_id_4ed7fcfc_fk_users_customuser_id FOREIGN KEY (recipient_id) REFERENCES public.users_customuser(id) DEFERRABLE INITIALLY DEFERRED;


--
-- Name: users_chatmessage users_chatmessage_room_id_0296ac6f_fk_users_chatroom_id; Type: FK CONSTRAINT; Schema: public; Owner: jsswp2004
--

ALTER TABLE ONLY public.users_chatmessage
    ADD CONSTRAINT users_chatmessage_room_id_0296ac6f_fk_users_chatroom_id FOREIGN KEY (room_id) REFERENCES public.users_chatroom(id) DEFERRABLE INITIALLY DEFERRED;


--
-- Name: users_chatmessage users_chatmessage_sender_id_07628830_fk_users_customuser_id; Type: FK CONSTRAINT; Schema: public; Owner: jsswp2004
--

ALTER TABLE ONLY public.users_chatmessage
    ADD CONSTRAINT users_chatmessage_sender_id_07628830_fk_users_customuser_id FOREIGN KEY (sender_id) REFERENCES public.users_customuser(id) DEFERRABLE INITIALLY DEFERRED;


--
-- Name: users_chatroom_participants users_chatroom_parti_chatroom_id_cfe7e127_fk_users_cha; Type: FK CONSTRAINT; Schema: public; Owner: jsswp2004
--

ALTER TABLE ONLY public.users_chatroom_participants
    ADD CONSTRAINT users_chatroom_parti_chatroom_id_cfe7e127_fk_users_cha FOREIGN KEY (chatroom_id) REFERENCES public.users_chatroom(id) DEFERRABLE INITIALLY DEFERRED;


--
-- Name: users_chatroom_participants users_chatroom_parti_customuser_id_ca50a5ae_fk_users_cus; Type: FK CONSTRAINT; Schema: public; Owner: jsswp2004
--

ALTER TABLE ONLY public.users_chatroom_participants
    ADD CONSTRAINT users_chatroom_parti_customuser_id_ca50a5ae_fk_users_cus FOREIGN KEY (customuser_id) REFERENCES public.users_customuser(id) DEFERRABLE INITIALLY DEFERRED;


--
-- Name: users_customuser_groups users_customuser_gro_customuser_id_958147bf_fk_users_cus; Type: FK CONSTRAINT; Schema: public; Owner: jsswp2004
--

ALTER TABLE ONLY public.users_customuser_groups
    ADD CONSTRAINT users_customuser_gro_customuser_id_958147bf_fk_users_cus FOREIGN KEY (customuser_id) REFERENCES public.users_customuser(id) DEFERRABLE INITIALLY DEFERRED;


--
-- Name: users_customuser_groups users_customuser_groups_group_id_01390b14_fk_auth_group_id; Type: FK CONSTRAINT; Schema: public; Owner: jsswp2004
--

ALTER TABLE ONLY public.users_customuser_groups
    ADD CONSTRAINT users_customuser_groups_group_id_01390b14_fk_auth_group_id FOREIGN KEY (group_id) REFERENCES public.auth_group(id) DEFERRABLE INITIALLY DEFERRED;


--
-- Name: users_customuser users_customuser_organization_id_e9d85824_fk_users_org; Type: FK CONSTRAINT; Schema: public; Owner: jsswp2004
--

ALTER TABLE ONLY public.users_customuser
    ADD CONSTRAINT users_customuser_organization_id_e9d85824_fk_users_org FOREIGN KEY (organization_id) REFERENCES public.users_organization(id) DEFERRABLE INITIALLY DEFERRED;


--
-- Name: users_customuser users_customuser_provider_id_de6c8304_fk_users_customuser_id; Type: FK CONSTRAINT; Schema: public; Owner: jsswp2004
--

ALTER TABLE ONLY public.users_customuser
    ADD CONSTRAINT users_customuser_provider_id_de6c8304_fk_users_customuser_id FOREIGN KEY (provider_id) REFERENCES public.users_customuser(id) DEFERRABLE INITIALLY DEFERRED;


--
-- Name: users_customuser_user_permissions users_customuser_use_customuser_id_5771478b_fk_users_cus; Type: FK CONSTRAINT; Schema: public; Owner: jsswp2004
--

ALTER TABLE ONLY public.users_customuser_user_permissions
    ADD CONSTRAINT users_customuser_use_customuser_id_5771478b_fk_users_cus FOREIGN KEY (customuser_id) REFERENCES public.users_customuser(id) DEFERRABLE INITIALLY DEFERRED;


--
-- Name: users_customuser_user_permissions users_customuser_use_permission_id_baaa2f74_fk_auth_perm; Type: FK CONSTRAINT; Schema: public; Owner: jsswp2004
--

ALTER TABLE ONLY public.users_customuser_user_permissions
    ADD CONSTRAINT users_customuser_use_permission_id_baaa2f74_fk_auth_perm FOREIGN KEY (permission_id) REFERENCES public.auth_permission(id) DEFERRABLE INITIALLY DEFERRED;


--
-- Name: users_patient users_patient_organization_id_ac5c2644_fk_users_organization_id; Type: FK CONSTRAINT; Schema: public; Owner: jsswp2004
--

ALTER TABLE ONLY public.users_patient
    ADD CONSTRAINT users_patient_organization_id_ac5c2644_fk_users_organization_id FOREIGN KEY (organization_id) REFERENCES public.users_organization(id) DEFERRABLE INITIALLY DEFERRED;


--
-- Name: users_patient users_patient_user_id_5ff17cf1_fk_users_customuser_id; Type: FK CONSTRAINT; Schema: public; Owner: jsswp2004
--

ALTER TABLE ONLY public.users_patient
    ADD CONSTRAINT users_patient_user_id_5ff17cf1_fk_users_customuser_id FOREIGN KEY (user_id) REFERENCES public.users_customuser(id) DEFERRABLE INITIALLY DEFERRED;


--
-- Name: users_typingindicator users_typingindicator_room_id_703d276c_fk_users_chatroom_id; Type: FK CONSTRAINT; Schema: public; Owner: jsswp2004
--

ALTER TABLE ONLY public.users_typingindicator
    ADD CONSTRAINT users_typingindicator_room_id_703d276c_fk_users_chatroom_id FOREIGN KEY (room_id) REFERENCES public.users_chatroom(id) DEFERRABLE INITIALLY DEFERRED;


--
-- Name: users_typingindicator users_typingindicator_user_id_21171280_fk_users_customuser_id; Type: FK CONSTRAINT; Schema: public; Owner: jsswp2004
--

ALTER TABLE ONLY public.users_typingindicator
    ADD CONSTRAINT users_typingindicator_user_id_21171280_fk_users_customuser_id FOREIGN KEY (user_id) REFERENCES public.users_customuser(id) DEFERRABLE INITIALLY DEFERRED;


--
-- Name: SCHEMA public; Type: ACL; Schema: -; Owner: pg_database_owner
--

GRANT ALL ON SCHEMA public TO jsswp2004;


--
-- PostgreSQL database dump complete
--

