Code,Name,Tab name,Section,Key,Label,Field Type,Required,Help Text,Depends on,Value
admission_note,Admission Note,,Visit,chief_complaint,Chief Complaint,Single-Line Text,TRUE,,,
admission_note,Admission Note,,Visit,hpi,History of Present Illness,Multi-line Text,TRUE,,,
admission_note,Admission Note,,History,past_medical_history,Past Medical History,Multi-line Text,FALSE,,,
admission_note,Admission Note,,History,past_surgical_history,Past Surgical History,Multi-line Text,FALSE,,,
admission_note,Admission Note,,History,current_medications,Current Medications,Multi-line Text,FALSE,"Name, dose, frequency",,
admission_note,Admission Note,,History,allergies,Allergies,Multi-line Text,TRUE,"Drug/food/environmental allergies and reaction, or 'NKDA'",,
admission_note,Admission Note,,History,family_history,Family History,Multi-line Text,FALSE,,,
admission_note,Admission Note,,History,tobacco_use,Tobacco Use,Dropdown (Dictionary),FALSE,,,never=Never smoker|former=Former smoker|current=Current smoker
admission_note,Admission Note,,History,alcohol_use,Alcohol Use,Dropdown (Dictionary),FALSE,,,none=None|occasional=Occasional|moderate=Moderate|heavy=Heavy
admission_note,Admission Note,,History,drug_use,Recreational Drug Use,Dropdown (Dictionary),FALSE,,,yes=Yes|no=No|unknown=Unknown
admission_note,Admission Note,,History,occupation,Occupation,Single-Line Text,FALSE,,,
admission_note,Admission Note,,History,living_situation,Living Situation,Single-Line Text,FALSE,,,
admission_note,Admission Note,,Review of Systems: General,ros_general_status,General Symptoms,Multi-select Checklist (dictionary),FALSE,,,negative_for=Negative for...|positive_for=Positive for...|not_asked=Not Asked|see_hpi=See HPI
admission_note,Admission Note,,Review of Systems: General,ros_general_negative,Negative General Symptoms,Multi-select Checklist (dictionary),FALSE,,ros_general_status=negative_for,no_fever=no fever|no_chills=no chills|no_sweating=no sweating|no_anorexia=no anorexia|no_weight_loss=no weight loss|no_weight_gain=no weight gain|no_polyphagia=no polyphagia|no_polyuria=no polyuria|no_polydipsia=no polydipsia|no_malaise=no malaise|no_fatigue=no fatigue
admission_note,Admission Note,,Review of Systems: General,ros_general_positive,General Symptoms,Multi-select Checklist (dictionary),FALSE,,ros_general_status=positive_for,fever=fever|chills=chills|sweating=sweating|anorexia=anorexia|weight_loss=weight loss|weight_gain=weight gain|polyphagia=polyphagia|polyuria=polyuria|polydipsia=polydipsia|malaise=malaise|fatigue=fatigue
admission_note,Admission Note,,Review of Systems: General,ros_general_comments,General Comments,Single-Line Text,FALSE,,,
admission_note,Admission Note,,Review of Systems: Breast,ros_breast_status,Breast Symptoms,Multi-select Checklist (dictionary),FALSE,,,negative_for=Negative for...|positive_for=Positive for...|not_asked=Not Asked|see_hpi=See HPI
admission_note,Admission Note,,Review of Systems: Breast,ros_breast_negative,Negative Breast Symptoms,Multi-select Checklist (dictionary),FALSE,,ros_breast_status=negative_for,no_breast_tenderness=no breast tenderness|no_breast_pain=no breast pain|no_breast_lumps=no breast lumps|no_breast_discharge=no breast discharge
admission_note,Admission Note,,Review of Systems: Breast,ros_breast_positive,Breast Symptoms,Multi-select Checklist (dictionary),FALSE,,ros_breast_status=positive_for,tenderness=tenderness|lumps=lumps|pain=pain|discharge=discharge
admission_note,Admission Note,,Review of Systems: Breast,ros_breast_comments,Breast Comments,Single-Line Text,FALSE,,,
admission_note,Admission Note,,Review of Systems: Skin,ros_skin_status,Skin Symptoms,Multi-select Checklist (dictionary),FALSE,,,negative_for=Negative for...|positive_for=Positive for...|not_asked=Not Asked|see_hpi=See HPI
admission_note,Admission Note,,Review of Systems: Skin,ros_skin_comments,Skin Comments,Single-Line Text,FALSE,,,
admission_note,Admission Note,,Review of Systems: Ophthalmologic,ros_ophthalmologic_status,Ophthalmologic Symptoms,Multi-select Checklist (dictionary),FALSE,,,negative_for=Negative for...|positive_for=Positive for...|not_asked=Not Asked|see_hpi=See HPI
admission_note,Admission Note,,Review of Systems: Ophthalmologic,ros_ophthalmologic_negative,Negative Ophthalmologic Symptoms,Multi-select Checklist (dictionary),FALSE,,ros_ophthalmologic_status=negative_for,no_diplopia=no diplopia|normal_lacrimation_l=normal lacrimation L|no_discharge_l=no discharge L|no_discharge_r=no discharge R|no_pain_l=no pain L|no_pain_r=no pain R|no_irritation_l=no irritation L|no_irritation_r=no irritation R|no_loss_of_vision_l=no loss of vision L|no_loss_of_vision_r=no loss of vision R|no_difficulty_seeing=no difficulty seeing
admission_note,Admission Note,,Review of Systems: Ophthalmologic,ros_ophthalmologic_positive,Ophthalmologic Symptoms,Multi-select Checklist (dictionary),FALSE,,ros_ophthalmologic_status=positive_for,diplopia_l=diplopia L|excessive_lacrimation_l=excessive lacrimation L|irritation_l=irritation L|pain_l=pain L
admission_note,Admission Note,,Review of Systems: Ophthalmologic,ros_ophthalmologic_corrective_lenses,Corrective Lenses,Radio Button (dictionary),FALSE,,,yes=Yes|no=No
admission_note,Admission Note,,Review of Systems: Ophthalmologic,ros_ophthalmologic_comments,Ophthalmologic Comments,Single-Line Text,FALSE,,,
admission_note,Admission Note,,Review of Systems: ENMT,ros_enmt_status,ENMT Symptoms,Multi-select Checklist (dictionary),FALSE,,,negative_for=Negative for...|positive_for=Positive for...|not_asked=Not Asked|see_hpi=See HPI
admission_note,Admission Note,,Review of Systems: ENMT,ros_enmt_negative,Negative ENMT Symptoms,Multi-select Checklist (dictionary),FALSE,,ros_enmt_status=negative_for,no_ear_pain=no ear pain|no_throat_pain=no throat pain|no_nasal_discharge=no nasal discharge|no_hearing_difficulty=no hearing difficulty|no_tinnitus=no tinnitus|no_vertigo=no vertigo|no_sinus_symptoms=no sinus symptoms|no_nasal_congestion=no nasal congestion|no_nasal_obstruction=no nasal obstruction|no_post_nasal_drip=no post nasal drip|no_nose_bleeds=no nose bleeds|no_recurrent_cold_sores=no recurrent cold sores|no_abnormal_taste_sensation=no abnormal taste sensation|no_gum_bleeding=no gum bleeding|no_dry_mouth=no dry mouth|no_odynophagia=no odynophagia
admission_note,Admission Note,,Review of Systems: ENMT,ros_enmt_positive,ENMT Symptoms,Multi-select Checklist (dictionary),FALSE,,ros_enmt_status=positive_for,ear_pain=ear pain|throat_pain=throat pain|nasal_discharge=nasal discharge|hearing_difficulty=hearing difficulty|tinnitus=tinnitus|vertigo=vertigo|sinus_symptoms=sinus symptoms|nasal_congestion=nasal congestion|nasal_obstruction=nasal obstruction|post_nasal_discharge=post-nasal discharge|nose_bleeds=nose bleeds|recurrent_cold_sores=recurrent cold sores|abnormal_taste_sensation=abnormal taste sensation|gum_bleeding=gum bleeding|dry_mouth=dry mouth|dysphagia=dysphagia
admission_note,Admission Note,,Review of Systems: ENMT,ros_enmt_comments,ENMT Comments,Single-Line Text,FALSE,,,
admission_note,Admission Note,,Review of Systems: Respiratory and Thorax,ros_respiratory_thorax_status,Respiratory and Thorax Symptoms,Multi-select Checklist (dictionary),FALSE,,,negative_for=Negative for...|positive_for=Positive for...|not_asked=Not Asked|see_hpi=See HPI
admission_note,Admission Note,,Review of Systems: Respiratory and Thorax,ros_respiratory_thorax_negative,Negative Respiratory and Thorax Symptoms,Multi-select Checklist (dictionary),FALSE,,ros_respiratory_thorax_status=negative_for,no_wheezing=no wheezing|no_dyspnea=no dyspnea|no_cough=no cough|no_hemoptysis=no hemoptysis|no_pleuritic_chest_pain=no pleuritic chest pain
admission_note,Admission Note,,Review of Systems: Respiratory and Thorax,ros_respiratory_thorax_positive,Respiratory and Thorax Symptoms,Multi-select Checklist (dictionary),FALSE,,ros_respiratory_thorax_status=positive_for,wheezing=wheezing|dyspnea=dyspnea|cough=cough|hemoptysis=hemoptysis|pleuritic_chest_pain=pleuritic chest pain
admission_note,Admission Note,,Review of Systems: Respiratory and Thorax,ros_respiratory_thorax_comments,Respiratory and Thorax Comments,Single-Line Text,FALSE,,,
admission_note,Admission Note,,Review of Systems: Cardiovascular,ros_cardiovascular_status,Cardiovascular Symptoms,Multi-select Checklist (dictionary),FALSE,,,negative_for=Negative for...|positive_for=Positive for...|not_asked=Not Asked|see_hpi=See HPI
admission_note,Admission Note,,Review of Systems: Cardiovascular,ros_cardiovascular_negative,Negative Cardiovascular Symptoms,Multi-select Checklist (dictionary),FALSE,,ros_cardiovascular_status=negative_for,no_palpitations=no palpitations|no_chest_pain=no chest pain|no_dyspnea_on_exertion=no dyspnea on exertion|no_orthopnea=no orthopnea
admission_note,Admission Note,,Review of Systems: Cardiovascular,ros_cardiovascular_positive,Cardiovascular Symptoms,Multi-select Checklist (dictionary),FALSE,,ros_cardiovascular_status=positive_for,palpitations=palpitations|chest_pain=chest pain|dyspnea_on_exertion=dyspnea on exertion|orthopnea=orthopnea|peripheral_edema=peripheral edema
admission_note,Admission Note,,Review of Systems: Cardiovascular,ros_cardiovascular_comments,Cardiovascular Comments,Single-Line Text,FALSE,,,
admission_note,Admission Note,,Review of Systems: Gastrointestinal,ros_gastrointestinal_status,Gastrointestinal Symptoms,Multi-select Checklist (dictionary),FALSE,,,negative_for=Negative for...|positive_for=Positive for...|not_asked=Not Asked|see_hpi=See HPI
admission_note,Admission Note,,Review of Systems: Gastrointestinal,ros_gastrointestinal_negative,Negative Gastrointestinal Symptoms,Multi-select Checklist (dictionary),FALSE,,ros_gastrointestinal_status=negative_for,no_nausea=no nausea|no_vomiting=no vomiting|no_diarrhea=no diarrhea|no_constipation=no constipation|no_change_in_bowel_habits=no change in bowel habits|no_flatulence=no flatulence|no_abdominal_pain=no abdominal pain|no_melena=no melena|no_hematochezia=no hematochezia|no_steatorrhea=no steatorrhea|no_jaundice=no jaundice|no_hiccoughs=no hiccoughs|no_dysphagia=no dysphagia|no_heartburn=no heartburn
admission_note,Admission Note,,Review of Systems: Gastrointestinal,ros_gastrointestinal_positive,Gastrointestinal Symptoms,Multi-select Checklist (dictionary),FALSE,,ros_gastrointestinal_status=positive_for,nausea=nausea|vomiting=vomiting|diarrhea=diarrhea|constipation=constipation|change_in_bowel_habits=change in bowel habits|flatulence=flatulence|abdominal_pain=abdominal pain|melena=melena|hematochezia=hematochezia|steatorrhea=steatorrhea|jaundice=jaundice|hiccoughs=hiccoughs|dysphagia=dysphagia
admission_note,Admission Note,,Review of Systems: Gastrointestinal,ros_gastrointestinal_comments,Gastrointestinal Comments,Single-Line Text,FALSE,,,
admission_note,Admission Note,,Review of Systems: Genitourinary,ros_genitourinary_general_status,General Genitourinary Symptoms,Multi-select Checklist (dictionary),FALSE,,,negative_for=Negative for...|positive_for=Positive for...|not_asked=Not Asked|see_hpi=See HPI
admission_note,Admission Note,,Review of Systems: Genitourinary,ros_genitourinary_general_negative,Negative General Genitourinary Symptoms,Multi-select Checklist (dictionary),FALSE,,ros_genitourinary_general_status=negative_for,no_hematuria=no hematuria|no_renal_colic=no renal colic|no_flank_pain=no flank pain|no_urine_discoloration=no urine discoloration|no_gas_in_urine=no gas in urine|no_bladder_infections=no bladder infections|no_incontinence=no incontinence|no_dysuria=no dysuria|no_urinary_hesitancy=no urinary hesitancy|normal_urinary_frequency=normal urinary frequency|no_nocturia=no nocturia|normal_libido=normal libido|no_urgency=no urgency|no_anuresis=no anuresis|no_kidney_stones=no kidney stones|no_kidney_infection=no kidney infection|no_genital_sores=no genital sores|no_genital_warts=no genital warts|no_urethral_discharge=no urethral discharge
admission_note,Admission Note,,Review of Systems: Genitourinary,ros_genitourinary_general_positive,General Genitourinary Symptoms,Multi-select Checklist (dictionary),FALSE,,ros_genitourinary_general_status=positive_for,none=none|hematuria=hematuria|renal_colic=renal colic|flank_pain_l=flank pain L|flank_pain_r=flank pain R|brown_urine=brown urine|dark_urine=dark urine|gas_in_urine=gas in urine|bladder_infections=bladder infections|incontinence=incontinence|dysuria=dysuria|urinary_hesitancy=urinary hesitancy|increased_urinary_frequency=increased urinary frequency|nocturia=nocturia|decreased_libido=decreased libido|urgency=urgency|anuresis=anuresis|kidney_stones=kidney stones|kidney_infection=kidney infection|genital_sores=genital sores|genital_warts=genital warts|urethral_discharge=urethral discharge
admission_note,Admission Note,,Review of Systems: Genitourinary,ros_genitourinary_male_status,Male-Specific Symptoms,Multi-select Checklist (dictionary),FALSE,,,negative_for=Negative for...|positive_for=Positive for...|not_asked=Not Asked|see_hpi=See HPI
admission_note,Admission Note,,Review of Systems: Genitourinary,ros_genitourinary_male_negative,Negative Male-Specific Symptoms,Multi-select Checklist (dictionary),FALSE,,ros_genitourinary_male_status=negative_for,no_impotence=no impotence|no_ejaculatory_dysfunction=no ejaculatory dysfunction|no_erectile_dysfunction=no erectile dysfunction|no_scrotal_mass_l=no scrotal mass L|no_scrotal_mass_r=no scrotal mass R|no_undescended_testicle_l=no undescended testicle L|no_undescended_testicle_r=no undescended testicle R
admission_note,Admission Note,,Review of Systems: Genitourinary,ros_genitourinary_male_positive,Male-Specific Symptoms,Multi-select Checklist (dictionary),FALSE,,ros_genitourinary_male_status=positive_for,none=none|impotence=impotence|ejaculatory_dysfunction=ejaculatory dysfunction|erectile_dysfunction=erectile dysfunction|scrotal_mass_l=scrotal mass L|scrotal_mass_r=scrotal mass R|undescended_testicle_l=undescended testicle L|undescended_testicle_r=undescended testicle R|premature_ejaculation=premature ejaculation|difficulty_initiating_or_maintaining_urinary_stream=difficulty initiating or maintaining urinary stream
admission_note,Admission Note,,Review of Systems: Genitourinary,ros_genitourinary_comments,Genitourinary Comments,Single-Line Text,FALSE,,,
admission_note,Admission Note,,Review of Systems: Musculoskeletal,ros_musculoskeletal_status,Musculoskeletal Symptoms,Multi-select Checklist (dictionary),FALSE,,,negative_for=Negative for...|positive_for=Positive for...|not_asked=Not Asked|see_hpi=See HPI
admission_note,Admission Note,,Review of Systems: Musculoskeletal,ros_musculoskeletal_negative,Negative Musculoskeletal Symptoms,Multi-select Checklist (dictionary),FALSE,,ros_musculoskeletal_status=negative_for,no_arthralgia=no arthralgia|no_arthritis=no arthritis|no_joint_swelling=no joint swelling|no_myalgia=no myalgia|no_muscle_cramps=no muscle cramps|no_muscle_weakness=no muscle weakness|no_stiffness=no stiffness|no_neck_pain=no neck pain|no_arm_pain=no arm pain|no_back_pain=no back pain|no_leg_pain=no leg pain
admission_note,Admission Note,,Review of Systems: Musculoskeletal,ros_musculoskeletal_positive,Musculoskeletal Symptoms,Multi-select Checklist (dictionary),FALSE,,ros_musculoskeletal_status=positive_for,arthralgia=arthralgia|arthritis=arthritis|joint_swelling=joint swelling|myalgia=myalgia|muscle_cramps=muscle cramps|muscle_weakness=muscle weakness|stiffness=stiffness|neck_pain=neck pain|back_pain=back pain|leg_pain=leg pain|hip_pain=hip pain|wrist_pain=wrist pain
admission_note,Admission Note,,Review of Systems: Musculoskeletal,ros_musculoskeletal_comments,Musculoskeletal Comments,Single-Line Text,FALSE,,,
admission_note,Admission Note,,Review of Systems: Neurologic,ros_neurologic_status,Neurologic Symptoms,Multi-select Checklist (dictionary),FALSE,,,negative_for=Negative for...|positive_for=Positive for...|not_asked=Not Asked|see_hpi=See HPI
admission_note,Admission Note,,Review of Systems: Neurologic,ros_neurologic_negative,Negative Neurologic Symptoms,Multi-select Checklist (dictionary),FALSE,,ros_neurologic_status=negative_for,no_headache=no headache|no_stroke_tia=no stroke/TIA|no_seizure=no seizure|no_memory_loss=no memory loss|no_photophobia=no photophobia|no_transient_paralysis=no transient paralysis|no_weakness=no weakness|no_paresthesias=no paresthesias|no_syncope=no syncope|no_tremors=no tremors|no_vertigo=no vertigo|no_loss_of_sensation=no loss of sensation|no_difficulty_walking=no difficulty walking|no_loss_of_consciousness=no loss of consciousness|no_hemiparesis=no hemiparesis|no_confusion=no confusion|no_facial_palsy=no facial palsy
admission_note,Admission Note,,Review of Systems: Neurologic,ros_neurologic_positive,Neurologic Symptoms,Multi-select Checklist (dictionary),FALSE,,ros_neurologic_status=positive_for,headache=headache|stroke_tia=stroke/TIA|seizure=seizure|memory_loss=memory loss|photophobia=photophobia|transient_paralysis=transient paralysis|weakness=weakness|paresthesias=paresthesias|syncope=syncope|tremors=tremors|vertigo=vertigo|loss_of_sensation=loss of sensation|difficulty_walking=difficulty walking|loss_of_consciousness=loss of consciousness|hemiparesis=hemiparesis|confusion=confusion|facial_palsy=facial palsy
admission_note,Admission Note,,Review of Systems: Neurologic,ros_neurologic_comments,Neurologic Comments,Single-Line Text,FALSE,,,
admission_note,Admission Note,,Review of Systems: Psychiatric,ros_psychiatric_status,Psychiatric Symptoms,Multi-select Checklist (dictionary),FALSE,,,negative_for=Negative for...|positive_for=Positive for...|not_asked=Not Asked|see_hpi=See HPI
admission_note,Admission Note,,Review of Systems: Psychiatric,ros_psychiatric_negative,Negative Psychiatric Symptoms,Multi-select Checklist (dictionary),FALSE,,ros_psychiatric_status=negative_for,no_depression=no depression|no_anxiety=no anxiety|no_suicidal_ideations=no suicidal ideations|no_homicidal_ideations=no homicidal ideations|no_hallucinations=no hallucinations|no_insomnia=no insomnia|no_memory_loss=no memory loss|no_paranoia=no paranoia|no_mood_swings=no mood swings|no_agitation=no agitation|no_hyperactivity=no hyperactivity
admission_note,Admission Note,,Review of Systems: Psychiatric,ros_psychiatric_positive,Psychiatric Symptoms,Multi-select Checklist (dictionary),FALSE,,ros_psychiatric_status=positive_for,anxiety=anxiety|suicidal_ideations=suicidal ideations|homicidal_ideations=homicidal ideations|olfactory_hallucinations=olfactory hallucinations|insomnia=insomnia|memory_loss=memory loss|paranoia=paranoia|mood_swings=mood swings|agitation=agitation|cries_easily=cries easily|visual_hallucinations=visual hallucinations|auditory_hallucinations=auditory hallucinations|hyperactivity=hyperactivity
admission_note,Admission Note,,Review of Systems: Psychiatric,ros_psychiatric_follow_up_plan,Psychiatric Follow Up Plan,Multi-select Checklist (dictionary),FALSE,,,social_worker=Social Worker|psychiatrist=Psychiatrist|psychologist=Psychologist|pcp=PCP
admission_note,Admission Note,,Review of Systems: Psychiatric,ros_psychiatric_comments,Psychiatric Comments,Single-Line Text,FALSE,,,
admission_note,Admission Note,,Review of Systems: Hematology/Lymphatics,ros_hematology_lymphatic_hematology_status,Hematology Symptoms,Multi-select Checklist (dictionary),FALSE,,,negative_for=Negative for...|positive_for=Positive for...|not_asked=Not Asked|see_hpi=See HPI
admission_note,Admission Note,,Review of Systems: Hematology/Lymphatics,ros_hematology_lymphatic_hematology_negative,Negative Hematology Symptoms,Multi-select Checklist (dictionary),FALSE,,ros_hematology_lymphatic_hematology_status=negative_for,doesn_t_bruise_easily=doesn't bruise easily|doesn_t_bleed_easily=doesn't bleed easily|no_gum_bleeding=no gum bleeding|no_nose_bleeding=no nose bleeding|no_skin_lumps=no skin lumps|no_fever=no fever|no_excessive_vaginal_bleeding=no excessive vaginal bleeding|no_anemia=no anemia
admission_note,Admission Note,,Review of Systems: Hematology/Lymphatics,ros_hematology_lymphatic_hematology_positive,Hematology Symptoms,Multi-select Checklist (dictionary),FALSE,,ros_hematology_lymphatic_hematology_status=positive_for,none=none|bruises_easily=bruises easily|bleeds_easily=bleeds easily|frequent_gum_bleeding=frequent gum bleeding|frequent_nose_bleeding=frequent nose bleeding|skin_lumps=skin lumps|fever=fever|excessive_vaginal_bleeding=excessive vaginal bleeding|anemia=anemia
admission_note,Admission Note,,Review of Systems: Hematology/Lymphatics,ros_hematology_lymphatic_lymphatic_status,Lymphatic Symptoms,Multi-select Checklist (dictionary),FALSE,,,negative_for=Negative for...|positive_for=Positive for...|not_asked=Not Asked|see_hpi=See HPI
admission_note,Admission Note,,Review of Systems: Hematology/Lymphatics,ros_hematology_lymphatic_lymphatic_negative,Negative Lymphatic Symptoms,Multi-select Checklist (dictionary),FALSE,,ros_hematology_lymphatic_lymphatic_status=negative_for,no_enlarged_lymph_nodes=no enlarged lymph nodes|no_tender_lymph_nodes=no tender lymph nodes|no_swelling_of_extremity=no swelling of extremity
admission_note,Admission Note,,Review of Systems: Hematology/Lymphatics,ros_hematology_lymphatic_lymphatic_positive,Lymphatic Symptoms,Multi-select Checklist (dictionary),FALSE,,ros_hematology_lymphatic_lymphatic_status=positive_for,none=none|enlarged_lymph_nodes=enlarged lymph nodes|tender_lymph_nodes=tender lymph nodes|swelling_of_extremity=swelling of extremity
admission_note,Admission Note,,Review of Systems: Hematology/Lymphatics,ros_hematology_lymphatic_comments,Hematology/Lymphatics Comments,Single-Line Text,FALSE,,,
admission_note,Admission Note,,Review of Systems: Endocrine,ros_endocrine_status,Endocrine Symptoms,Multi-select Checklist (dictionary),FALSE,,,negative_for=Negative for...|positive_for=Positive for...|not_asked=Not Asked|see_hpi=See HPI
admission_note,Admission Note,,Review of Systems: Endocrine,ros_endocrine_negative,Negative Endocrine Symptoms,Multi-select Checklist (dictionary),FALSE,,ros_endocrine_status=negative_for,no_cold_intolerance=no cold intolerance|no_heat_intolerance=no heat intolerance|no_striae=no striae|no_voice_change=no voice change|no_hirsutism=no hirsutism
admission_note,Admission Note,,Review of Systems: Endocrine,ros_endocrine_positive,Endocrine Symptoms,Multi-select Checklist (dictionary),FALSE,,ros_endocrine_status=positive_for,cold_intolerance=cold intolerance|heat_intolerance=heat intolerance|striae=striae|voice_change=voice change|hirsutism=hirsutism
admission_note,Admission Note,,Review of Systems: Endocrine,ros_endocrine_comments,Endocrine Comments,Single-Line Text,FALSE,,,
admission_note,Admission Note,,Review of Systems: Allergic/Immunologic,ros_allergic_immunologic_reactions_status,Allergic Reactions,Multi-select Checklist (dictionary),FALSE,,,negative_for=Negative for...|positive_for=Positive for...|not_asked=Not Asked|see_hpi=See HPI
admission_note,Admission Note,,Review of Systems: Allergic/Immunologic,ros_allergic_immunologic_reactions_negative,Negative Allergic Reactions,Multi-select Checklist (dictionary),FALSE,,ros_allergic_immunologic_reactions_status=negative_for,no_anaphylaxis=no anaphylaxis|no_respiratory_distress=no respiratory distress|no_photosensitivity=no photosensitivity|no_urticaria=no urticaria
admission_note,Admission Note,,Review of Systems: Allergic/Immunologic,ros_allergic_immunologic_reactions_positive,Allergic Reactions,Multi-select Checklist (dictionary),FALSE,,ros_allergic_immunologic_reactions_status=positive_for,none=none|anaphylaxis=anaphylaxis|respiratory_distress=respiratory distress|photosensitivity=photosensitivity|urticaria=urticaria
admission_note,Admission Note,,Review of Systems: Allergic/Immunologic,ros_allergic_immunologic_types_status,Allergy Types,Multi-select Checklist (dictionary),FALSE,,,negative_for=Negative for...|positive_for=Positive for...|not_asked=Not Asked|see_hpi=See HPI
admission_note,Admission Note,,Review of Systems: Allergic/Immunologic,ros_allergic_immunologic_types_negative,Negative Allergy Types,Multi-select Checklist (dictionary),FALSE,,ros_allergic_immunologic_types_status=negative_for,no_outdoor_environmental_allergies=no outdoor environmental allergies|no_indoor_environmental_allergies=no indoor environmental allergies|no_reactions_to_medicines=no reactions to medicines|no_reactions_to_food=no reactions to food|no_reactions_to_animals=no reactions to animals|no_reactions_to_insect_bites=no reactions to insect bites
admission_note,Admission Note,,Review of Systems: Allergic/Immunologic,ros_allergic_immunologic_types_positive,Allergy Types,Multi-select Checklist (dictionary),FALSE,,ros_allergic_immunologic_types_status=positive_for,outdoor_environmental_allergies=outdoor environmental allergies|indoor_environmental_allergies=indoor environmental allergies|reactions_to_medicines=reactions to medicines|reactions_to_food=reactions to food|reactions_to_animals=reactions to animals|reactions_to_insect_bites=reactions to insect bites
admission_note,Admission Note,,Review of Systems: Allergic/Immunologic,ros_allergic_immunologic_immunologic_status,Immunological Symptoms,Multi-select Checklist (dictionary),FALSE,,,negative_for=Negative for...|positive_for=Positive for...|not_asked=Not Asked|see_hpi=See HPI
admission_note,Admission Note,,Review of Systems: Allergic/Immunologic,ros_allergic_immunologic_immunologic_negative,Negative Immunological Symptoms,Multi-select Checklist (dictionary),FALSE,,ros_allergic_immunologic_immunologic_status=negative_for,no_recurring_infections=no recurring infections|no_persistent_infections=no persistent infections|no_recurring_pneumonia=no recurring pneumonia
admission_note,Admission Note,,Review of Systems: Allergic/Immunologic,ros_allergic_immunologic_immunologic_positive,Immunological Symptoms,Multi-select Checklist (dictionary),FALSE,,ros_allergic_immunologic_immunologic_status=positive_for,none=none|recurring_infections=recurring infections|persistent_infections=persistent infections|recurring_pneumonia=recurring pneumonia
admission_note,Admission Note,,Review of Systems: Allergic/Immunologic,ros_allergic_immunologic_comments,Allergic/Immunologic Comments,Single-Line Text,FALSE,,,
admission_note,Admission Note,,Vital Signs,vital_bp,Blood Pressure,Single-Line Text,FALSE,e.g. 120/80,,
admission_note,Admission Note,,Vital Signs,vital_hr,Heart Rate (bpm),Numeric,FALSE,,,
admission_note,Admission Note,,Vital Signs,vital_rr,Respiratory Rate,Numeric,FALSE,,,
admission_note,Admission Note,,Vital Signs,vital_temp,Temperature (F),Numeric,FALSE,,,
admission_note,Admission Note,,Vital Signs,vital_spo2,SpO2 (%),Numeric,FALSE,,,
admission_note,Admission Note,,Vital Signs,vital_height,Height (in),Numeric,FALSE,,,
admission_note,Admission Note,,Vital Signs,vital_weight,Weight (lb),Numeric,FALSE,,,
admission_note,Admission Note,,Physical Exam,physical_exam,Physical Exam Findings,Multi-line Text,FALSE,,,
admission_note,Admission Note,,Intake,immunization_status,Immunization Status,Dropdown (Dictionary),FALSE,,,up_to_date=Up to date|not_up_to_date=Not up to date|unknown=Unknown
admission_note,Admission Note,,Intake,advance_directive,Advance Directive on File,Radio Button (dictionary),FALSE,,,yes=Yes|no=No|unknown=Unknown
admission_note,Admission Note,,Intake,consent_acknowledged,Consent for Treatment Acknowledged,Checkbox (yes/no),TRUE,,,
admission_note,Admission Note,,Assessment / Plan,clinical_impression,Clinical Impression,Multi-line Text,TRUE,,,
admission_note,Admission Note,,Assessment / Plan,plan,Plan,Multi-line Text,TRUE,"Orders, referrals, follow-up interval",,
